ensembl_name	coord_system	length	toplevel	insdc	refseq	ucsc
1	primary_assembly	260522016	1	CM026974.1	NC_051336.1	
10	primary_assembly	107211142	1	CM026983.1	NC_051345.1	
11	primary_assembly	86241447	1	CM026984.1	NC_051346.1	
12	primary_assembly	46669029	1	CM026985.1	NC_051347.1	
13	primary_assembly	106807694	1	CM026986.1	NC_051348.1	
14	primary_assembly	104886043	1	CM026987.1	NC_051349.1	
15	primary_assembly	101769107	1	CM026988.1	NC_051350.1	
16	primary_assembly	84729064	1	CM026989.1	NC_051351.1	
17	primary_assembly	86533673	1	CM026990.1	NC_051352.1	
18	primary_assembly	83828827	1	CM026991.1	NC_051353.1	
19	primary_assembly	57337602	1	CM026992.1	NC_051354.1	
2	primary_assembly	249053267	1	CM026975.1	NC_051337.1	
20	primary_assembly	54435887	1	CM026993.1	NC_051355.1	
3	primary_assembly	169034231	1	CM026976.1	NC_051338.1	
4	primary_assembly	182687754	1	CM026977.1	NC_051339.1	
5	primary_assembly	166875058	1	CM026978.1	NC_051340.1	
6	primary_assembly	140994061	1	CM026979.1	NC_051341.1	
7	primary_assembly	135012528	1	CM026980.1	NC_051342.1	
8	primary_assembly	123900184	1	CM026981.1	NC_051343.1	
9	primary_assembly	114175309	1	CM026982.1	NC_051344.1	
JACYVU010000238.1	primary_assembly	210070	1		NW_023637712.1	
JACYVU010000315.1	primary_assembly	23956	1		NW_023637713.1	
JACYVU010000316.1	primary_assembly	23219	1		NW_023637714.1	
JACYVU010000317.1	primary_assembly	19663	1		NW_023637715.1	
JACYVU010000318.1	primary_assembly	14256	1		NW_023637716.1	
JACYVU010000319.1	primary_assembly	202997	1		NW_023637717.1	
JACYVU010000493.1	primary_assembly	444596	1		NW_023637718.1	
JACYVU010000587.1	primary_assembly	20806	1		NW_023637729.1	
JACYVU010000588.1	primary_assembly	3527	1		NW_023637730.1	
JACYVU010000589.1	primary_assembly	36943	1		NW_023637731.1	
JACYVU010000590.1	primary_assembly	59774	1		NW_023637732.1	
JACYVU010000595.1	primary_assembly	55443	1		NW_023637734.1	
JACYVU010000596.1	primary_assembly	55703	1		NW_023637735.1	
JACYVU010000597.1	primary_assembly	55030	1		NW_023637736.1	
JACYVU010000598.1	primary_assembly	54054	1		NW_023637737.1	
JACYVU010000599.1	primary_assembly	52490	1		NW_023637738.1	
JACYVU010000600.1	primary_assembly	52429	1		NW_023637739.1	
JACYVU010000601.1	primary_assembly	53477	1		NW_023637740.1	
JACYVU010000602.1	primary_assembly	51231	1		NW_023637741.1	
JACYVU010000603.1	primary_assembly	50135	1		NW_023637742.1	
JACYVU010000604.1	primary_assembly	48867	1		NW_023637743.1	
JACYVU010000605.1	primary_assembly	48649	1		NW_023637744.1	
JACYVU010000606.1	primary_assembly	47994	1		NW_023637745.1	
JACYVU010000607.1	primary_assembly	47167	1		NW_023637746.1	
JACYVU010000608.1	primary_assembly	46828	1		NW_023637747.1	
JACYVU010000609.1	primary_assembly	44754	1		NW_023637748.1	
JACYVU010000610.1	primary_assembly	44011	1		NW_023637749.1	
JACYVU010000611.1	primary_assembly	43227	1		NW_023637750.1	
JACYVU010000612.1	primary_assembly	42710	1		NW_023637751.1	
JACYVU010000613.1	primary_assembly	42392	1		NW_023637752.1	
JACYVU010000614.1	primary_assembly	41807	1		NW_023637753.1	
JACYVU010000619.1	primary_assembly	39806	1		NW_023637756.1	
JACYVU010000620.1	primary_assembly	39355	1		NW_023637757.1	
JACYVU010000621.1	primary_assembly	38789	1		NW_023637758.1	
JACYVU010000622.1	primary_assembly	38316	1		NW_023637759.1	
JACYVU010000623.1	primary_assembly	37756	1		NW_023637760.1	
JACYVU010000624.1	primary_assembly	37900	1		NW_023637761.1	
JACYVU010000625.1	primary_assembly	37835	1		NW_023637762.1	
JACYVU010000626.1	primary_assembly	37503	1		NW_023637763.1	
JACYVU010000629.1	primary_assembly	36674	1		NW_023637765.1	
JACYVU010000630.1	primary_assembly	36093	1		NW_023637766.1	
JACYVU010000631.1	primary_assembly	35514	1		NW_023637767.1	
JACYVU010000632.1	primary_assembly	35635	1		NW_023637768.1	
JACYVU010000633.1	primary_assembly	35019	1		NW_023637769.1	
JACYVU010000634.1	primary_assembly	34854	1		NW_023637770.1	
JACYVU010000635.1	primary_assembly	34273	1		NW_023637771.1	
JACYVU010000636.1	primary_assembly	34141	1		NW_023637772.1	
JACYVU010000637.1	primary_assembly	32456	1		NW_023637773.1	
JACYVU010000638.1	primary_assembly	31866	1		NW_023637774.1	
JACYVU010000639.1	primary_assembly	31814	1		NW_023637775.1	
JACYVU010000640.1	primary_assembly	30923	1		NW_023637776.1	
JACYVU010000641.1	primary_assembly	30905	1		NW_023637777.1	
JACYVU010000642.1	primary_assembly	30536	1		NW_023637778.1	
JACYVU010000643.1	primary_assembly	30026	1		NW_023637779.1	
JACYVU010000644.1	primary_assembly	29614	1		NW_023637780.1	
JACYVU010000645.1	primary_assembly	29394	1		NW_023637781.1	
JACYVU010000646.1	primary_assembly	29369	1		NW_023637782.1	
JACYVU010000647.1	primary_assembly	28870	1		NW_023637783.1	
JACYVU010000648.1	primary_assembly	28513	1		NW_023637784.1	
JACYVU010000649.1	primary_assembly	27249	1		NW_023637785.1	
JACYVU010000652.1	primary_assembly	25016	1		NW_023637787.1	
JACYVU010000653.1	primary_assembly	24935	1		NW_023637788.1	
JACYVU010000654.1	primary_assembly	24820	1		NW_023637789.1	
JACYVU010000655.1	primary_assembly	24952	1		NW_023637790.1	
JACYVU010000658.1	primary_assembly	23476	1		NW_023637792.1	
JACYVU010000661.1	primary_assembly	22722	1		NW_023637794.1	
JACYVU010000662.1	primary_assembly	22560	1		NW_023637795.1	
JACYVU010000663.1	primary_assembly	19399	1		NW_023637796.1	
JACYVU010000664.1	primary_assembly	17659	1		NW_023637797.1	
JACYVU010000665.1	primary_assembly	16920	1		NW_023637798.1	
JACYVU010000668.1	primary_assembly	12850	1		NW_023637800.1	
JACYVU010000669.1	primary_assembly	12585	1		NW_023637801.1	
JACYVU010000670.1	primary_assembly	11983	1		NW_023637802.1	
JACYVU010000671.1	primary_assembly	11810	1		NW_023637803.1	
JACYVU010000674.1	primary_assembly	10867	1		NW_023637805.1	
JACYVU010000675.1	primary_assembly	10646	1		NW_023637806.1	
JACYVU010000676.1	primary_assembly	10060	1		NW_023637807.1	
JACYVU010000677.1	primary_assembly	9310	1		NW_023637808.1	
JACYVU010000678.1	primary_assembly	8567	1		NW_023637809.1	
JACYVU010000679.1	primary_assembly	8270	1		NW_023637810.1	
JACYVU010000680.1	primary_assembly	8066	1		NW_023637811.1	
JACYVU010000681.1	primary_assembly	7648	1		NW_023637812.1	
JACYVU010000682.1	primary_assembly	7188	1		NW_023637813.1	
JACYVU010000689.1	primary_assembly	5450	1		NW_023637817.1	
JACYVU010000690.1	primary_assembly	3849	1		NW_023637818.1	
JACYVU010000693.1	primary_assembly	3570	1		NW_023637820.1	
JACYVU010000696.1	primary_assembly	3310	1		NW_023637822.1	
JACYVU010000699.1	primary_assembly	2119	1		NW_023637824.1	
JACYVU010000700.1	primary_assembly	1272	1		NW_023637825.1	
JACYVU010000701.1	primary_assembly	972	1		NW_023637826.1	
JACYVU010000702.1	primary_assembly	779	1		NW_023637827.1	
JACYVU010000703.1	primary_assembly	746	1		NW_023637828.1	
JACYVU010000704.1	primary_assembly	118324	1		NW_023637829.1	
JACYVU010000705.1	primary_assembly	299950	1		NW_023637830.1	
JACYVU010000706.1	primary_assembly	287783	1		NW_023637831.1	
JACYVU010000707.1	primary_assembly	267602	1		NW_023637832.1	
JACYVU010000727.1	primary_assembly	109622	1		NW_023637840.1	
JACYVU010000728.1	primary_assembly	102432	1		NW_023637841.1	
JACYVU010000731.1	primary_assembly	97491	1		NW_023637843.1	
JACYVU010000732.1	primary_assembly	94865	1		NW_023637844.1	
JACYVU010000735.1	primary_assembly	92577	1		NW_023637846.1	
JACYVU010000736.1	primary_assembly	91108	1		NW_023637847.1	
JACYVU010000737.1	primary_assembly	90477	1		NW_023637848.1	
JACYVU010000738.1	primary_assembly	90482	1		NW_023637849.1	
JACYVU010000739.1	primary_assembly	89891	1		NW_023637850.1	
JACYVU010000740.1	primary_assembly	86921	1		NW_023637851.1	
JACYVU010000743.1	primary_assembly	76773	1		NW_023637853.1	
JACYVU010000744.1	primary_assembly	75943	1		NW_023637854.1	
JACYVU010000749.1	primary_assembly	69993	1		NW_023637857.1	
JACYVU010000750.1	primary_assembly	69855	1		NW_023637858.1	
JACYVU010000753.1	primary_assembly	67574	1		NW_023637860.1	
JACYVU010000754.1	primary_assembly	66861	1		NW_023637861.1	
JACYVU010000755.1	primary_assembly	62367	1		NW_023637862.1	
JACYVU010000756.1	primary_assembly	62110	1		NW_023637863.1	
MT	primary_assembly	16313	1		NC_001665.2	
MU150189.1	primary_assembly	1402623	1		NW_023637711.1	
MU150190.1	primary_assembly	573231	1		NW_023637719.1	
MU150191.1	primary_assembly	1794995	1		NW_023637720.1	
MU150192.1	primary_assembly	273924	1		NW_023637721.1	
MU150193.1	primary_assembly	383091	1		NW_023637722.1	
MU150194.1	primary_assembly	648519	1		NW_023637723.1	
MU150195.1	primary_assembly	529129	1		NW_023637724.1	
MU150196.1	primary_assembly	333848	1		NW_023637725.1	
MU150197.1	primary_assembly	318964	1		NW_023637726.1	
MU150198.1	primary_assembly	241438	1		NW_023637727.1	
MU150199.1	primary_assembly	231725	1		NW_023637728.1	
MU150200.1	primary_assembly	58986	1		NW_023637733.1	
MU150201.1	primary_assembly	41029	1		NW_023637754.1	
MU150202.1	primary_assembly	40107	1		NW_023637755.1	
MU150203.1	primary_assembly	37612	1		NW_023637764.1	
MU150204.1	primary_assembly	27089	1		NW_023637786.1	
MU150205.1	primary_assembly	23654	1		NW_023637791.1	
MU150206.1	primary_assembly	23161	1		NW_023637793.1	
MU150207.1	primary_assembly	14320	1		NW_023637799.1	
MU150208.1	primary_assembly	11854	1		NW_023637804.1	
MU150209.1	primary_assembly	6125	1		NW_023637814.1	
MU150210.1	primary_assembly	5684	1		NW_023637815.1	
MU150211.1	primary_assembly	5530	1		NW_023637816.1	
MU150212.1	primary_assembly	3655	1		NW_023637819.1	
MU150213.1	primary_assembly	3369	1		NW_023637821.1	
MU150214.1	primary_assembly	3242	1		NW_023637823.1	
MU150215.1	primary_assembly	201039	1		NW_023637833.1	
MU150216.1	primary_assembly	159729	1		NW_023637834.1	
MU150217.1	primary_assembly	152829	1		NW_023637835.1	
MU150218.1	primary_assembly	149942	1		NW_023637836.1	
MU150219.1	primary_assembly	135739	1		NW_023637837.1	
MU150220.1	primary_assembly	123749	1		NW_023637838.1	
MU150221.1	primary_assembly	113378	1		NW_023637839.1	
MU150222.1	primary_assembly	100634	1		NW_023637842.1	
MU150223.1	primary_assembly	94425	1		NW_023637845.1	
MU150224.1	primary_assembly	80668	1		NW_023637852.1	
MU150225.1	primary_assembly	72661	1		NW_023637855.1	
MU150226.1	primary_assembly	70979	1		NW_023637856.1	
MU150227.1	primary_assembly	68744	1		NW_023637859.1	
X	primary_assembly	152453651	1	CM026994.1	NC_051356.1	
Y	primary_assembly	18315841	1	CM026995.1	NC_051357.1	
