seq_id	ucsc	assembly	ensembl	genbank	refseq
aquChr2:JRUM01015595v1	JRUM01015595v1			JRUM01015595.1	NW_011951185.1
aquChr2:JRUM01015625v1	JRUM01015625v1			JRUM01015625.1	NW_011951189.1
aquChr2:JRUM01015749v1	JRUM01015749v1			JRUM01015749.1	NW_011951208.1
aquChr2:JRUM01015879v1	JRUM01015879v1			JRUM01015879.1	NW_011951234.1
aquChr2:JRUM01015892v1	JRUM01015892v1			JRUM01015892.1	NW_011951237.1
aquChr2:JRUM01015901v1	JRUM01015901v1			JRUM01015901.1	NW_011951239.1
aquChr2:JRUM01015965v1	JRUM01015965v1			JRUM01015965.1	NW_011951251.1
aquChr2:JRUM01016021v1	JRUM01016021v1			JRUM01016021.1	NW_011951263.1
aquChr2:JRUM01016092v1	JRUM01016092v1			JRUM01016092.1	NW_011951282.1
aquChr2:JRUM01016093v1	JRUM01016093v1			JRUM01016093.1	NW_011951283.1
aquChr2:JRUM01016112v1	JRUM01016112v1			JRUM01016112.1	NW_011951289.1
aquChr2:JRUM01016135v1	JRUM01016135v1			JRUM01016135.1	NW_011951297.1
aquChr2:JRUM01016136v1	JRUM01016136v1			JRUM01016136.1	NW_011951298.1
aquChr2:JRUM01016159v1	JRUM01016159v1			JRUM01016159.1	NW_011951306.1
aquChr2:JRUM01016178v1	JRUM01016178v1			JRUM01016178.1	NW_011951313.1
aquChr2:JRUM01016189v1	JRUM01016189v1			JRUM01016189.1	NW_011951317.1
aquChr2:JRUM01016211v1	JRUM01016211v1			JRUM01016211.1	NW_011951325.1
aquChr2:JRUM01016212v1	JRUM01016212v1			JRUM01016212.1	NW_011951326.1
aquChr2:JRUM01016216v1	JRUM01016216v1			JRUM01016216.1	NW_011951328.1
aquChr2:JRUM01016217v1	JRUM01016217v1			JRUM01016217.1	NW_011951329.1
aquChr2:JRUM01016218v1	JRUM01016218v1			JRUM01016218.1	NW_011951330.1
aquChr2:JRUM01016232v1	JRUM01016232v1			JRUM01016232.1	NW_011951337.1
aquChr2:JRUM01016233v1	JRUM01016233v1			JRUM01016233.1	NW_011951338.1
aquChr2:JRUM01016241v1	JRUM01016241v1			JRUM01016241.1	NW_011951342.1
aquChr2:JRUM01016245v1	JRUM01016245v1			JRUM01016245.1	NW_011951344.1
aquChr2:JRUM01016249v1	JRUM01016249v1			JRUM01016249.1	NW_011951346.1
aquChr2:JRUM01016272v1	JRUM01016272v1			JRUM01016272.1	NW_011951356.1
aquChr2:JRUM01016278v1	JRUM01016278v1			JRUM01016278.1	NW_011951359.1
aquChr2:JRUM01016279v1	JRUM01016279v1			JRUM01016279.1	NW_011951360.1
aquChr2:JRUM01016280v1	JRUM01016280v1			JRUM01016280.1	NW_011951361.1
aquChr2:JRUM01016283v1	JRUM01016283v1			JRUM01016283.1	NW_011951363.1
aquChr2:JRUM01016287v1	JRUM01016287v1			JRUM01016287.1	NW_011951365.1
aquChr2:JRUM01016290v1	JRUM01016290v1			JRUM01016290.1	NW_011951367.1
aquChr2:JRUM01016305v1	JRUM01016305v1			JRUM01016305.1	NW_011951374.1
aquChr2:JRUM01016313v1	JRUM01016313v1			JRUM01016313.1	NW_011951378.1
aquChr2:JRUM01016314v1	JRUM01016314v1			JRUM01016314.1	NW_011951379.1
aquChr2:JRUM01016315v1	JRUM01016315v1			JRUM01016315.1	NW_011951380.1
aquChr2:JRUM01016323v1	JRUM01016323v1			JRUM01016323.1	NW_011951384.1
aquChr2:JRUM01016326v1	JRUM01016326v1			JRUM01016326.1	NW_011951386.1
aquChr2:JRUM01016329v1	JRUM01016329v1			JRUM01016329.1	NW_011951388.1
aquChr2:JRUM01016336v1	JRUM01016336v1			JRUM01016336.1	NW_011951392.1
aquChr2:JRUM01016345v1	JRUM01016345v1			JRUM01016345.1	NW_011951397.1
aquChr2:JRUM01016363v1	JRUM01016363v1			JRUM01016363.1	NW_011951406.1
aquChr2:JRUM01016372v1	JRUM01016372v1			JRUM01016372.1	NW_011951411.1
aquChr2:JRUM01016375v1	JRUM01016375v1			JRUM01016375.1	NW_011951413.1
aquChr2:JRUM01016389v1	JRUM01016389v1			JRUM01016389.1	NW_011951420.1
aquChr2:JRUM01016390v1	JRUM01016390v1			JRUM01016390.1	NW_011951421.1
aquChr2:JRUM01016391v1	JRUM01016391v1			JRUM01016391.1	NW_011951422.1
aquChr2:JRUM01016398v1	JRUM01016398v1			JRUM01016398.1	NW_011951426.1
aquChr2:JRUM01016399v1	JRUM01016399v1			JRUM01016399.1	NW_011951427.1
aquChr2:JRUM01016400v1	JRUM01016400v1			JRUM01016400.1	NW_011951428.1
aquChr2:JRUM01016409v1	JRUM01016409v1			JRUM01016409.1	NW_011951433.1
aquChr2:JRUM01016424v1	JRUM01016424v1			JRUM01016424.1	NW_011951441.1
aquChr2:JRUM01016432v1	JRUM01016432v1			JRUM01016432.1	NW_011951445.1
aquChr2:JRUM01016433v1	JRUM01016433v1			JRUM01016433.1	NW_011951446.1
aquChr2:JRUM01016437v1	JRUM01016437v1			JRUM01016437.1	NW_011951448.1
aquChr2:JRUM01016440v1	JRUM01016440v1			JRUM01016440.1	NW_011951450.1
aquChr2:JRUM01016443v1	JRUM01016443v1			JRUM01016443.1	NW_011951452.1
aquChr2:JRUM01016450v1	JRUM01016450v1			JRUM01016450.1	NW_011951456.1
aquChr2:JRUM01016459v1	JRUM01016459v1			JRUM01016459.1	NW_011951461.1
aquChr2:JRUM01016464v1	JRUM01016464v1			JRUM01016464.1	NW_011951464.1
aquChr2:JRUM01016467v1	JRUM01016467v1			JRUM01016467.1	NW_011951466.1
aquChr2:JRUM01016468v1	JRUM01016468v1			JRUM01016468.1	NW_011951467.1
aquChr2:JRUM01016469v1	JRUM01016469v1			JRUM01016469.1	NW_011951468.1
aquChr2:JRUM01016472v1	JRUM01016472v1			JRUM01016472.1	NW_011951470.1
aquChr2:JRUM01016473v1	JRUM01016473v1			JRUM01016473.1	NW_011951471.1
aquChr2:JRUM01016474v1	JRUM01016474v1			JRUM01016474.1	NW_011951472.1
aquChr2:JRUM01016479v1	JRUM01016479v1			JRUM01016479.1	NW_011951475.1
aquChr2:JRUM01016492v1	JRUM01016492v1			JRUM01016492.1	NW_011951481.1
aquChr2:JRUM01016493v1	JRUM01016493v1			JRUM01016493.1	NW_011951482.1
aquChr2:JRUM01016496v1	JRUM01016496v1			JRUM01016496.1	NW_011951484.1
aquChr2:JRUM01016505v1	JRUM01016505v1			JRUM01016505.1	NW_011951489.1
aquChr2:JRUM01016506v1	JRUM01016506v1			JRUM01016506.1	NW_011951490.1
aquChr2:JRUM01016507v1	JRUM01016507v1			JRUM01016507.1	NW_011951491.1
aquChr2:JRUM01016508v1	JRUM01016508v1			JRUM01016508.1	NW_011951492.1
aquChr2:JRUM01016511v1	JRUM01016511v1			JRUM01016511.1	NW_011951494.1
aquChr2:JRUM01016514v1	JRUM01016514v1			JRUM01016514.1	NW_011951496.1
aquChr2:JRUM01016515v1	JRUM01016515v1			JRUM01016515.1	NW_011951497.1
aquChr2:JRUM01016516v1	JRUM01016516v1			JRUM01016516.1	NW_011951498.1
aquChr2:JRUM01016517v1	JRUM01016517v1			JRUM01016517.1	NW_011951499.1
aquChr2:JRUM01016518v1	JRUM01016518v1			JRUM01016518.1	NW_011951500.1
aquChr2:JRUM01016519v1	JRUM01016519v1			JRUM01016519.1	NW_011951501.1
aquChr2:JRUM01016520v1	JRUM01016520v1			JRUM01016520.1	NW_011951502.1
aquChr2:JRUM01016521v1	JRUM01016521v1			JRUM01016521.1	NW_011951503.1
aquChr2:JRUM01016522v1	JRUM01016522v1			JRUM01016522.1	NW_011951504.1
aquChr2:JRUM01016523v1	JRUM01016523v1			JRUM01016523.1	NW_011951505.1
aquChr2:JRUM01016524v1	JRUM01016524v1			JRUM01016524.1	NW_011951506.1
aquChr2:JRUM01016525v1	JRUM01016525v1			JRUM01016525.1	NW_011951507.1
aquChr2:JRUM01016526v1	JRUM01016526v1			JRUM01016526.1	NW_011951508.1
aquChr2:JRUM01016527v1	JRUM01016527v1			JRUM01016527.1	NW_011951509.1
aquChr2:JRUM01016528v1	JRUM01016528v1			JRUM01016528.1	NW_011951510.1
aquChr2:JRUM01016529v1	JRUM01016529v1			JRUM01016529.1	NW_011951511.1
aquChr2:JRUM01016532v1	JRUM01016532v1			JRUM01016532.1	NW_011951513.1
aquChr2:JRUM01016533v1	JRUM01016533v1			JRUM01016533.1	NW_011951514.1
aquChr2:JRUM01016534v1	JRUM01016534v1			JRUM01016534.1	NW_011951515.1
aquChr2:JRUM01016535v1	JRUM01016535v1			JRUM01016535.1	NW_011951516.1
aquChr2:JRUM01016536v1	JRUM01016536v1			JRUM01016536.1	NW_011951517.1
aquChr2:JRUM01016537v1	JRUM01016537v1			JRUM01016537.1	NW_011951518.1
aquChr2:JRUM01016538v1	JRUM01016538v1			JRUM01016538.1	NW_011951519.1
aquChr2:JRUM01016539v1	JRUM01016539v1			JRUM01016539.1	NW_011951520.1
aquChr2:JRUM01016540v1	JRUM01016540v1			JRUM01016540.1	NW_011951521.1
aquChr2:JRUM01016543v1	JRUM01016543v1			JRUM01016543.1	NW_011951523.1
aquChr2:JRUM01016544v1	JRUM01016544v1			JRUM01016544.1	NW_011951524.1
aquChr2:JRUM01016545v1	JRUM01016545v1			JRUM01016545.1	NW_011951525.1
aquChr2:JRUM01016546v1	JRUM01016546v1			JRUM01016546.1	NW_011951526.1
aquChr2:JRUM01016547v1	JRUM01016547v1			JRUM01016547.1	NW_011951527.1
aquChr2:JRUM01016548v1	JRUM01016548v1			JRUM01016548.1	NW_011951528.1
aquChr2:JRUM01016549v1	JRUM01016549v1			JRUM01016549.1	NW_011951529.1
aquChr2:JRUM01016550v1	JRUM01016550v1			JRUM01016550.1	NW_011951530.1
aquChr2:JRUM01016551v1	JRUM01016551v1			JRUM01016551.1	NW_011951531.1
aquChr2:JRUM01016552v1	JRUM01016552v1			JRUM01016552.1	NW_011951532.1
aquChr2:JRUM01016553v1	JRUM01016553v1			JRUM01016553.1	NW_011951533.1
aquChr2:JRUM01016554v1	JRUM01016554v1			JRUM01016554.1	NW_011951534.1
aquChr2:JRUM01016555v1	JRUM01016555v1			JRUM01016555.1	NW_011951535.1
aquChr2:JRUM01016556v1	JRUM01016556v1			JRUM01016556.1	NW_011951536.1
aquChr2:JRUM01016557v1	JRUM01016557v1			JRUM01016557.1	NW_011951537.1
aquChr2:JRUM01016558v1	JRUM01016558v1			JRUM01016558.1	NW_011951538.1
aquChr2:JRUM01016559v1	JRUM01016559v1			JRUM01016559.1	NW_011951539.1
aquChr2:JRUM01016560v1	JRUM01016560v1			JRUM01016560.1	NW_011951540.1
aquChr2:JRUM01016561v1	JRUM01016561v1			JRUM01016561.1	NW_011951541.1
aquChr2:JRUM01016562v1	JRUM01016562v1			JRUM01016562.1	NW_011951542.1
aquChr2:JRUM01016563v1	JRUM01016563v1			JRUM01016563.1	NW_011951543.1
aquChr2:JRUM01016564v1	JRUM01016564v1			JRUM01016564.1	NW_011951544.1
aquChr2:JRUM01016565v1	JRUM01016565v1			JRUM01016565.1	NW_011951545.1
aquChr2:JRUM01016566v1	JRUM01016566v1			JRUM01016566.1	NW_011951546.1
aquChr2:JRUM01016569v1	JRUM01016569v1			JRUM01016569.1	NW_011951548.1
aquChr2:JRUM01016570v1	JRUM01016570v1			JRUM01016570.1	NW_011951549.1
aquChr2:JRUM01016571v1	JRUM01016571v1			JRUM01016571.1	NW_011951550.1
aquChr2:JRUM01016572v1	JRUM01016572v1			JRUM01016572.1	NW_011951551.1
aquChr2:JRUM01016573v1	JRUM01016573v1			JRUM01016573.1	NW_011951552.1
aquChr2:JRUM01016574v1	JRUM01016574v1			JRUM01016574.1	NW_011951553.1
aquChr2:JRUM01016575v1	JRUM01016575v1			JRUM01016575.1	NW_011951554.1
aquChr2:JRUM01016576v1	JRUM01016576v1			JRUM01016576.1	NW_011951555.1
aquChr2:JRUM01016577v1	JRUM01016577v1			JRUM01016577.1	NW_011951556.1
aquChr2:JRUM01016578v1	JRUM01016578v1			JRUM01016578.1	NW_011951557.1
aquChr2:JRUM01016579v1	JRUM01016579v1			JRUM01016579.1	NW_011951558.1
aquChr2:JRUM01016580v1	JRUM01016580v1			JRUM01016580.1	NW_011951559.1
aquChr2:JRUM01016581v1	JRUM01016581v1			JRUM01016581.1	NW_011951560.1
aquChr2:JRUM01016584v1	JRUM01016584v1			JRUM01016584.1	NW_011951562.1
aquChr2:JRUM01016585v1	JRUM01016585v1			JRUM01016585.1	NW_011951563.1
aquChr2:JRUM01016586v1	JRUM01016586v1			JRUM01016586.1	NW_011951564.1
aquChr2:JRUM01016587v1	JRUM01016587v1			JRUM01016587.1	NW_011951565.1
aquChr2:JRUM01016588v1	JRUM01016588v1			JRUM01016588.1	NW_011951566.1
aquChr2:JRUM01016589v1	JRUM01016589v1			JRUM01016589.1	NW_011951567.1
aquChr2:JRUM01016590v1	JRUM01016590v1			JRUM01016590.1	NW_011951568.1
aquChr2:JRUM01016591v1	JRUM01016591v1			JRUM01016591.1	NW_011951569.1
aquChr2:JRUM01016592v1	JRUM01016592v1			JRUM01016592.1	NW_011951570.1
aquChr2:JRUM01016593v1	JRUM01016593v1			JRUM01016593.1	NW_011951571.1
aquChr2:JRUM01016594v1	JRUM01016594v1			JRUM01016594.1	NW_011951572.1
aquChr2:JRUM01016595v1	JRUM01016595v1			JRUM01016595.1	NW_011951573.1
aquChr2:JRUM01016596v1	JRUM01016596v1			JRUM01016596.1	NW_011951574.1
aquChr2:JRUM01016597v1	JRUM01016597v1			JRUM01016597.1	NW_011951575.1
aquChr2:JRUM01016598v1	JRUM01016598v1			JRUM01016598.1	NW_011951576.1
aquChr2:JRUM01016599v1	JRUM01016599v1			JRUM01016599.1	NW_011951577.1
aquChr2:JRUM01016600v1	JRUM01016600v1			JRUM01016600.1	NW_011951578.1
aquChr2:JRUM01016601v1	JRUM01016601v1			JRUM01016601.1	NW_011951579.1
aquChr2:JRUM01016602v1	JRUM01016602v1			JRUM01016602.1	NW_011951580.1
aquChr2:JRUM01016603v1	JRUM01016603v1			JRUM01016603.1	NW_011951581.1
aquChr2:JRUM01016604v1	JRUM01016604v1			JRUM01016604.1	NW_011951582.1
aquChr2:JRUM01016605v1	JRUM01016605v1			JRUM01016605.1	NW_011951583.1
aquChr2:JRUM01016606v1	JRUM01016606v1			JRUM01016606.1	NW_011951584.1
aquChr2:JRUM01016607v1	JRUM01016607v1			JRUM01016607.1	NW_011951585.1
aquChr2:JRUM01016608v1	JRUM01016608v1			JRUM01016608.1	NW_011951586.1
aquChr2:JRUM01016609v1	JRUM01016609v1			JRUM01016609.1	NW_011951587.1
aquChr2:JRUM01016610v1	JRUM01016610v1			JRUM01016610.1	NW_011951588.1
aquChr2:JRUM01016611v1	JRUM01016611v1			JRUM01016611.1	NW_011951589.1
aquChr2:JRUM01016612v1	JRUM01016612v1			JRUM01016612.1	NW_011951590.1
aquChr2:JRUM01016613v1	JRUM01016613v1			JRUM01016613.1	NW_011951591.1
aquChr2:JRUM01016614v1	JRUM01016614v1			JRUM01016614.1	NW_011951592.1
aquChr2:JRUM01016615v1	JRUM01016615v1			JRUM01016615.1	NW_011951593.1
aquChr2:JRUM01016616v1	JRUM01016616v1			JRUM01016616.1	NW_011951594.1
aquChr2:JRUM01016617v1	JRUM01016617v1			JRUM01016617.1	NW_011951595.1
aquChr2:JRUM01016618v1	JRUM01016618v1			JRUM01016618.1	NW_011951596.1
aquChr2:JRUM01016619v1	JRUM01016619v1			JRUM01016619.1	NW_011951597.1
aquChr2:JRUM01016620v1	JRUM01016620v1			JRUM01016620.1	NW_011951598.1
aquChr2:JRUM01016621v1	JRUM01016621v1			JRUM01016621.1	NW_011951599.1
aquChr2:JRUM01016622v1	JRUM01016622v1			JRUM01016622.1	NW_011951600.1
aquChr2:JRUM01016623v1	JRUM01016623v1			JRUM01016623.1	NW_011951601.1
aquChr2:JRUM01016624v1	JRUM01016624v1			JRUM01016624.1	NW_011951602.1
aquChr2:JRUM01016625v1	JRUM01016625v1			JRUM01016625.1	NW_011951603.1
aquChr2:JRUM01016626v1	JRUM01016626v1			JRUM01016626.1	NW_011951604.1
aquChr2:JRUM01016627v1	JRUM01016627v1			JRUM01016627.1	NW_011951605.1
aquChr2:JRUM01016628v1	JRUM01016628v1			JRUM01016628.1	NW_011951606.1
aquChr2:JRUM01016629v1	JRUM01016629v1			JRUM01016629.1	NW_011951607.1
aquChr2:JRUM01016630v1	JRUM01016630v1			JRUM01016630.1	NW_011951608.1
aquChr2:JRUM01016631v1	JRUM01016631v1			JRUM01016631.1	NW_011951609.1
aquChr2:JRUM01016632v1	JRUM01016632v1			JRUM01016632.1	NW_011951610.1
aquChr2:JRUM01016633v1	JRUM01016633v1			JRUM01016633.1	NW_011951611.1
aquChr2:JRUM01016634v1	JRUM01016634v1			JRUM01016634.1	NW_011951612.1
aquChr2:JRUM01016635v1	JRUM01016635v1			JRUM01016635.1	NW_011951613.1
aquChr2:JRUM01016636v1	JRUM01016636v1			JRUM01016636.1	NW_011951614.1
aquChr2:JRUM01016637v1	JRUM01016637v1			JRUM01016637.1	NW_011951615.1
aquChr2:JRUM01016638v1	JRUM01016638v1			JRUM01016638.1	NW_011951616.1
aquChr2:JRUM01016639v1	JRUM01016639v1			JRUM01016639.1	NW_011951617.1
aquChr2:JRUM01016640v1	JRUM01016640v1			JRUM01016640.1	NW_011951618.1
aquChr2:JRUM01016641v1	JRUM01016641v1			JRUM01016641.1	NW_011951619.1
aquChr2:JRUM01016642v1	JRUM01016642v1			JRUM01016642.1	NW_011951620.1
aquChr2:JRUM01016643v1	JRUM01016643v1			JRUM01016643.1	NW_011951621.1
aquChr2:JRUM01016644v1	JRUM01016644v1			JRUM01016644.1	NW_011951622.1
aquChr2:JRUM01016645v1	JRUM01016645v1			JRUM01016645.1	NW_011951623.1
aquChr2:JRUM01016646v1	JRUM01016646v1			JRUM01016646.1	NW_011951624.1
aquChr2:JRUM01016647v1	JRUM01016647v1			JRUM01016647.1	NW_011951625.1
aquChr2:JRUM01016648v1	JRUM01016648v1			JRUM01016648.1	NW_011951626.1
aquChr2:JRUM01016649v1	JRUM01016649v1			JRUM01016649.1	NW_011951627.1
aquChr2:JRUM01016650v1	JRUM01016650v1			JRUM01016650.1	NW_011951628.1
aquChr2:JRUM01016651v1	JRUM01016651v1			JRUM01016651.1	NW_011951629.1
aquChr2:JRUM01016652v1	JRUM01016652v1			JRUM01016652.1	NW_011951630.1
aquChr2:JRUM01016653v1	JRUM01016653v1			JRUM01016653.1	NW_011951631.1
aquChr2:JRUM01016654v1	JRUM01016654v1			JRUM01016654.1	NW_011951632.1
aquChr2:JRUM01016655v1	JRUM01016655v1			JRUM01016655.1	NW_011951633.1
aquChr2:JRUM01016656v1	JRUM01016656v1			JRUM01016656.1	NW_011951634.1
aquChr2:JRUM01016657v1	JRUM01016657v1			JRUM01016657.1	NW_011951635.1
aquChr2:JRUM01016658v1	JRUM01016658v1			JRUM01016658.1	NW_011951636.1
aquChr2:JRUM01016659v1	JRUM01016659v1			JRUM01016659.1	NW_011951637.1
aquChr2:JRUM01016660v1	JRUM01016660v1			JRUM01016660.1	NW_011951638.1
aquChr2:JRUM01016661v1	JRUM01016661v1			JRUM01016661.1	NW_011951639.1
aquChr2:JRUM01016662v1	JRUM01016662v1			JRUM01016662.1	NW_011951640.1
aquChr2:JRUM01016663v1	JRUM01016663v1			JRUM01016663.1	NW_011951641.1
aquChr2:JRUM01016664v1	JRUM01016664v1			JRUM01016664.1	NW_011951642.1
aquChr2:JRUM01016665v1	JRUM01016665v1			JRUM01016665.1	NW_011951643.1
aquChr2:JRUM01016666v1	JRUM01016666v1			JRUM01016666.1	NW_011951644.1
aquChr2:JRUM01016667v1	JRUM01016667v1			JRUM01016667.1	NW_011951645.1
aquChr2:JRUM01016668v1	JRUM01016668v1			JRUM01016668.1	NW_011951646.1
aquChr2:JRUM01016669v1	JRUM01016669v1			JRUM01016669.1	NW_011951647.1
aquChr2:JRUM01016670v1	JRUM01016670v1			JRUM01016670.1	NW_011951648.1
aquChr2:JRUM01016671v1	JRUM01016671v1			JRUM01016671.1	NW_011951649.1
aquChr2:JRUM01016672v1	JRUM01016672v1			JRUM01016672.1	NW_011951650.1
aquChr2:JRUM01016673v1	JRUM01016673v1			JRUM01016673.1	NW_011951651.1
aquChr2:JRUM01016674v1	JRUM01016674v1			JRUM01016674.1	NW_011951652.1
aquChr2:JRUM01016675v1	JRUM01016675v1			JRUM01016675.1	NW_011951653.1
aquChr2:JRUM01016676v1	JRUM01016676v1			JRUM01016676.1	NW_011951654.1
aquChr2:JRUM01016677v1	JRUM01016677v1			JRUM01016677.1	NW_011951655.1
aquChr2:JRUM01016678v1	JRUM01016678v1			JRUM01016678.1	NW_011951656.1
aquChr2:JRUM01016679v1	JRUM01016679v1			JRUM01016679.1	NW_011951657.1
aquChr2:JRUM01016680v1	JRUM01016680v1			JRUM01016680.1	NW_011951658.1
aquChr2:JRUM01016681v1	JRUM01016681v1			JRUM01016681.1	NW_011951659.1
aquChr2:JRUM01016682v1	JRUM01016682v1			JRUM01016682.1	NW_011951660.1
aquChr2:JRUM01016683v1	JRUM01016683v1			JRUM01016683.1	NW_011951661.1
aquChr2:JRUM01016684v1	JRUM01016684v1			JRUM01016684.1	NW_011951662.1
aquChr2:JRUM01016685v1	JRUM01016685v1			JRUM01016685.1	NW_011951663.1
aquChr2:JRUM01016686v1	JRUM01016686v1			JRUM01016686.1	NW_011951664.1
aquChr2:JRUM01016687v1	JRUM01016687v1			JRUM01016687.1	NW_011951665.1
aquChr2:JRUM01016688v1	JRUM01016688v1			JRUM01016688.1	NW_011951666.1
aquChr2:JRUM01016689v1	JRUM01016689v1			JRUM01016689.1	NW_011951667.1
aquChr2:JRUM01016690v1	JRUM01016690v1			JRUM01016690.1	NW_011951668.1
aquChr2:JRUM01016691v1	JRUM01016691v1			JRUM01016691.1	NW_011951669.1
aquChr2:JRUM01016692v1	JRUM01016692v1			JRUM01016692.1	NW_011951670.1
aquChr2:JRUM01016693v1	JRUM01016693v1			JRUM01016693.1	NW_011951671.1
aquChr2:JRUM01016694v1	JRUM01016694v1			JRUM01016694.1	NW_011951672.1
aquChr2:JRUM01016695v1	JRUM01016695v1			JRUM01016695.1	NW_011951673.1
aquChr2:JRUM01016696v1	JRUM01016696v1			JRUM01016696.1	NW_011951674.1
aquChr2:JRUM01016697v1	JRUM01016697v1			JRUM01016697.1	NW_011951675.1
aquChr2:JRUM01016698v1	JRUM01016698v1			JRUM01016698.1	NW_011951676.1
aquChr2:JRUM01016699v1	JRUM01016699v1			JRUM01016699.1	NW_011951677.1
aquChr2:JRUM01016700v1	JRUM01016700v1			JRUM01016700.1	NW_011951678.1
aquChr2:JRUM01016701v1	JRUM01016701v1			JRUM01016701.1	NW_011951679.1
aquChr2:JRUM01016702v1	JRUM01016702v1			JRUM01016702.1	NW_011951680.1
aquChr2:JRUM01016703v1	JRUM01016703v1			JRUM01016703.1	NW_011951681.1
aquChr2:JRUM01016704v1	JRUM01016704v1			JRUM01016704.1	NW_011951682.1
aquChr2:JRUM01016705v1	JRUM01016705v1			JRUM01016705.1	NW_011951683.1
aquChr2:JRUM01016706v1	JRUM01016706v1			JRUM01016706.1	NW_011951684.1
aquChr2:JRUM01016707v1	JRUM01016707v1			JRUM01016707.1	NW_011951685.1
aquChr2:JRUM01016708v1	JRUM01016708v1			JRUM01016708.1	NW_011951686.1
aquChr2:JRUM01016709v1	JRUM01016709v1			JRUM01016709.1	NW_011951687.1
aquChr2:JRUM01016710v1	JRUM01016710v1			JRUM01016710.1	NW_011951688.1
aquChr2:JRUM01016711v1	JRUM01016711v1			JRUM01016711.1	NW_011951689.1
aquChr2:JRUM01016712v1	JRUM01016712v1			JRUM01016712.1	NW_011951690.1
aquChr2:JRUM01016713v1	JRUM01016713v1			JRUM01016713.1	NW_011951691.1
aquChr2:JRUM01016714v1	JRUM01016714v1			JRUM01016714.1	NW_011951692.1
aquChr2:JRUM01016715v1	JRUM01016715v1			JRUM01016715.1	NW_011951693.1
aquChr2:JRUM01016716v1	JRUM01016716v1			JRUM01016716.1	NW_011951694.1
aquChr2:JRUM01016717v1	JRUM01016717v1			JRUM01016717.1	NW_011951695.1
aquChr2:JRUM01016718v1	JRUM01016718v1			JRUM01016718.1	NW_011951696.1
aquChr2:JRUM01016719v1	JRUM01016719v1			JRUM01016719.1	NW_011951697.1
aquChr2:JRUM01016720v1	JRUM01016720v1			JRUM01016720.1	NW_011951698.1
aquChr2:JRUM01016721v1	JRUM01016721v1			JRUM01016721.1	NW_011951699.1
aquChr2:JRUM01016722v1	JRUM01016722v1			JRUM01016722.1	NW_011951700.1
aquChr2:JRUM01016723v1	JRUM01016723v1			JRUM01016723.1	NW_011951701.1
aquChr2:JRUM01016724v1	JRUM01016724v1			JRUM01016724.1	NW_011951702.1
aquChr2:JRUM01016725v1	JRUM01016725v1			JRUM01016725.1	NW_011951703.1
aquChr2:JRUM01016726v1	JRUM01016726v1			JRUM01016726.1	NW_011951704.1
aquChr2:JRUM01016727v1	JRUM01016727v1			JRUM01016727.1	NW_011951705.1
aquChr2:JRUM01016728v1	JRUM01016728v1			JRUM01016728.1	NW_011951706.1
aquChr2:JRUM01016729v1	JRUM01016729v1			JRUM01016729.1	NW_011951707.1
aquChr2:JRUM01016730v1	JRUM01016730v1			JRUM01016730.1	NW_011951708.1
aquChr2:JRUM01016731v1	JRUM01016731v1			JRUM01016731.1	NW_011951709.1
aquChr2:JRUM01016732v1	JRUM01016732v1			JRUM01016732.1	NW_011951710.1
aquChr2:JRUM01016733v1	JRUM01016733v1			JRUM01016733.1	NW_011951711.1
aquChr2:JRUM01016734v1	JRUM01016734v1			JRUM01016734.1	NW_011951712.1
aquChr2:JRUM01016735v1	JRUM01016735v1			JRUM01016735.1	NW_011951713.1
aquChr2:JRUM01016736v1	JRUM01016736v1			JRUM01016736.1	NW_011951714.1
aquChr2:JRUM01016737v1	JRUM01016737v1			JRUM01016737.1	NW_011951715.1
aquChr2:JRUM01016738v1	JRUM01016738v1			JRUM01016738.1	NW_011951716.1
aquChr2:JRUM01016739v1	JRUM01016739v1			JRUM01016739.1	NW_011951717.1
aquChr2:JRUM01016740v1	JRUM01016740v1			JRUM01016740.1	NW_011951718.1
aquChr2:JRUM01016741v1	JRUM01016741v1			JRUM01016741.1	NW_011951719.1
aquChr2:JRUM01016742v1	JRUM01016742v1			JRUM01016742.1	NW_011951720.1
aquChr2:JRUM01016743v1	JRUM01016743v1			JRUM01016743.1	NW_011951721.1
aquChr2:JRUM01016744v1	JRUM01016744v1			JRUM01016744.1	NW_011951722.1
aquChr2:JRUM01016745v1	JRUM01016745v1			JRUM01016745.1	NW_011951723.1
aquChr2:JRUM01016746v1	JRUM01016746v1			JRUM01016746.1	NW_011951724.1
aquChr2:JRUM01016747v1	JRUM01016747v1			JRUM01016747.1	NW_011951725.1
aquChr2:JRUM01016748v1	JRUM01016748v1			JRUM01016748.1	NW_011951726.1
aquChr2:JRUM01016749v1	JRUM01016749v1			JRUM01016749.1	NW_011951727.1
aquChr2:JRUM01016750v1	JRUM01016750v1			JRUM01016750.1	NW_011951728.1
aquChr2:JRUM01016751v1	JRUM01016751v1			JRUM01016751.1	NW_011951729.1
aquChr2:JRUM01016752v1	JRUM01016752v1			JRUM01016752.1	NW_011951730.1
aquChr2:JRUM01016753v1	JRUM01016753v1			JRUM01016753.1	NW_011951731.1
aquChr2:JRUM01016754v1	JRUM01016754v1			JRUM01016754.1	NW_011951732.1
aquChr2:JRUM01016755v1	JRUM01016755v1			JRUM01016755.1	NW_011951733.1
aquChr2:JRUM01016756v1	JRUM01016756v1			JRUM01016756.1	NW_011951734.1
aquChr2:JRUM01016757v1	JRUM01016757v1			JRUM01016757.1	NW_011951735.1
aquChr2:JRUM01016758v1	JRUM01016758v1			JRUM01016758.1	NW_011951736.1
aquChr2:JRUM01016759v1	JRUM01016759v1			JRUM01016759.1	NW_011951737.1
aquChr2:JRUM01016760v1	JRUM01016760v1			JRUM01016760.1	NW_011951738.1
aquChr2:JRUM01016761v1	JRUM01016761v1			JRUM01016761.1	NW_011951739.1
aquChr2:JRUM01016762v1	JRUM01016762v1			JRUM01016762.1	NW_011951740.1
aquChr2:JRUM01016763v1	JRUM01016763v1			JRUM01016763.1	NW_011951741.1
aquChr2:JRUM01016764v1	JRUM01016764v1			JRUM01016764.1	NW_011951742.1
aquChr2:JRUM01016765v1	JRUM01016765v1			JRUM01016765.1	NW_011951743.1
aquChr2:JRUM01016766v1	JRUM01016766v1			JRUM01016766.1	NW_011951744.1
aquChr2:JRUM01016767v1	JRUM01016767v1			JRUM01016767.1	NW_011951745.1
aquChr2:JRUM01016768v1	JRUM01016768v1			JRUM01016768.1	NW_011951746.1
aquChr2:JRUM01016769v1	JRUM01016769v1			JRUM01016769.1	NW_011951747.1
aquChr2:JRUM01016770v1	JRUM01016770v1			JRUM01016770.1	NW_011951748.1
aquChr2:JRUM01016771v1	JRUM01016771v1			JRUM01016771.1	NW_011951749.1
aquChr2:JRUM01016772v1	JRUM01016772v1			JRUM01016772.1	NW_011951750.1
aquChr2:JRUM01016773v1	JRUM01016773v1			JRUM01016773.1	NW_011951751.1
aquChr2:JRUM01016774v1	JRUM01016774v1			JRUM01016774.1	NW_011951752.1
aquChr2:JRUM01016775v1	JRUM01016775v1			JRUM01016775.1	NW_011951753.1
aquChr2:JRUM01016776v1	JRUM01016776v1			JRUM01016776.1	NW_011951754.1
aquChr2:JRUM01016777v1	JRUM01016777v1			JRUM01016777.1	NW_011951755.1
aquChr2:JRUM01016778v1	JRUM01016778v1			JRUM01016778.1	NW_011951756.1
aquChr2:JRUM01016779v1	JRUM01016779v1			JRUM01016779.1	NW_011951757.1
aquChr2:JRUM01016780v1	JRUM01016780v1			JRUM01016780.1	NW_011951758.1
aquChr2:JRUM01016781v1	JRUM01016781v1			JRUM01016781.1	NW_011951759.1
aquChr2:JRUM01016782v1	JRUM01016782v1			JRUM01016782.1	NW_011951760.1
aquChr2:JRUM01016783v1	JRUM01016783v1			JRUM01016783.1	NW_011951761.1
aquChr2:JRUM01016784v1	JRUM01016784v1			JRUM01016784.1	NW_011951762.1
aquChr2:JRUM01016785v1	JRUM01016785v1			JRUM01016785.1	NW_011951763.1
aquChr2:JRUM01016786v1	JRUM01016786v1			JRUM01016786.1	NW_011951764.1
aquChr2:JRUM01016787v1	JRUM01016787v1			JRUM01016787.1	NW_011951765.1
aquChr2:JRUM01016788v1	JRUM01016788v1			JRUM01016788.1	NW_011951766.1
aquChr2:JRUM01016789v1	JRUM01016789v1			JRUM01016789.1	NW_011951767.1
aquChr2:JRUM01016790v1	JRUM01016790v1			JRUM01016790.1	NW_011951768.1
aquChr2:JRUM01016791v1	JRUM01016791v1			JRUM01016791.1	NW_011951769.1
aquChr2:JRUM01016792v1	JRUM01016792v1			JRUM01016792.1	NW_011951770.1
aquChr2:JRUM01016793v1	JRUM01016793v1			JRUM01016793.1	NW_011951771.1
aquChr2:JRUM01016794v1	JRUM01016794v1			JRUM01016794.1	NW_011951772.1
aquChr2:JRUM01016795v1	JRUM01016795v1			JRUM01016795.1	NW_011951773.1
aquChr2:JRUM01016796v1	JRUM01016796v1			JRUM01016796.1	NW_011951774.1
aquChr2:JRUM01016797v1	JRUM01016797v1			JRUM01016797.1	NW_011951775.1
aquChr2:JRUM01016798v1	JRUM01016798v1			JRUM01016798.1	NW_011951776.1
aquChr2:JRUM01016799v1	JRUM01016799v1			JRUM01016799.1	NW_011951777.1
aquChr2:JRUM01016800v1	JRUM01016800v1			JRUM01016800.1	NW_011951778.1
aquChr2:JRUM01016801v1	JRUM01016801v1			JRUM01016801.1	NW_011951779.1
aquChr2:JRUM01016802v1	JRUM01016802v1			JRUM01016802.1	NW_011951780.1
aquChr2:JRUM01016803v1	JRUM01016803v1			JRUM01016803.1	NW_011951781.1
aquChr2:JRUM01016804v1	JRUM01016804v1			JRUM01016804.1	NW_011951782.1
aquChr2:JRUM01016805v1	JRUM01016805v1			JRUM01016805.1	NW_011951783.1
aquChr2:JRUM01016806v1	JRUM01016806v1			JRUM01016806.1	NW_011951784.1
aquChr2:JRUM01016807v1	JRUM01016807v1			JRUM01016807.1	NW_011951785.1
aquChr2:JRUM01016808v1	JRUM01016808v1			JRUM01016808.1	NW_011951786.1
aquChr2:JRUM01016809v1	JRUM01016809v1			JRUM01016809.1	NW_011951787.1
aquChr2:JRUM01016810v1	JRUM01016810v1			JRUM01016810.1	NW_011951788.1
aquChr2:JRUM01016811v1	JRUM01016811v1			JRUM01016811.1	NW_011951789.1
aquChr2:JRUM01016812v1	JRUM01016812v1			JRUM01016812.1	NW_011951790.1
aquChr2:JRUM01016813v1	JRUM01016813v1			JRUM01016813.1	NW_011951791.1
aquChr2:JRUM01016814v1	JRUM01016814v1			JRUM01016814.1	NW_011951792.1
aquChr2:JRUM01016815v1	JRUM01016815v1			JRUM01016815.1	NW_011951793.1
aquChr2:JRUM01016816v1	JRUM01016816v1			JRUM01016816.1	NW_011951794.1
aquChr2:JRUM01016817v1	JRUM01016817v1			JRUM01016817.1	NW_011951795.1
aquChr2:JRUM01016818v1	JRUM01016818v1			JRUM01016818.1	NW_011951796.1
aquChr2:JRUM01016819v1	JRUM01016819v1			JRUM01016819.1	NW_011951797.1
aquChr2:JRUM01016820v1	JRUM01016820v1			JRUM01016820.1	NW_011951798.1
aquChr2:JRUM01016821v1	JRUM01016821v1			JRUM01016821.1	NW_011951799.1
aquChr2:JRUM01016822v1	JRUM01016822v1			JRUM01016822.1	NW_011951800.1
aquChr2:JRUM01016823v1	JRUM01016823v1			JRUM01016823.1	NW_011951801.1
aquChr2:JRUM01016824v1	JRUM01016824v1			JRUM01016824.1	NW_011951802.1
aquChr2:JRUM01016825v1	JRUM01016825v1			JRUM01016825.1	NW_011951803.1
aquChr2:JRUM01016826v1	JRUM01016826v1			JRUM01016826.1	NW_011951804.1
aquChr2:JRUM01016827v1	JRUM01016827v1			JRUM01016827.1	NW_011951805.1
aquChr2:JRUM01016828v1	JRUM01016828v1			JRUM01016828.1	NW_011951806.1
aquChr2:JRUM01016829v1	JRUM01016829v1			JRUM01016829.1	NW_011951807.1
aquChr2:JRUM01016830v1	JRUM01016830v1			JRUM01016830.1	NW_011951808.1
aquChr2:JRUM01016831v1	JRUM01016831v1			JRUM01016831.1	NW_011951809.1
aquChr2:JRUM01016832v1	JRUM01016832v1			JRUM01016832.1	NW_011951810.1
aquChr2:JRUM01016833v1	JRUM01016833v1			JRUM01016833.1	NW_011951811.1
aquChr2:JRUM01016834v1	JRUM01016834v1			JRUM01016834.1	NW_011951812.1
aquChr2:JRUM01016835v1	JRUM01016835v1			JRUM01016835.1	NW_011951813.1
aquChr2:JRUM01016836v1	JRUM01016836v1			JRUM01016836.1	NW_011951814.1
aquChr2:JRUM01016837v1	JRUM01016837v1			JRUM01016837.1	NW_011951815.1
aquChr2:JRUM01016838v1	JRUM01016838v1			JRUM01016838.1	NW_011951816.1
aquChr2:JRUM01016839v1	JRUM01016839v1			JRUM01016839.1	NW_011951817.1
aquChr2:JRUM01016840v1	JRUM01016840v1			JRUM01016840.1	NW_011951818.1
aquChr2:JRUM01016841v1	JRUM01016841v1			JRUM01016841.1	NW_011951819.1
aquChr2:JRUM01016842v1	JRUM01016842v1			JRUM01016842.1	NW_011951820.1
aquChr2:JRUM01016843v1	JRUM01016843v1			JRUM01016843.1	NW_011951821.1
aquChr2:JRUM01016844v1	JRUM01016844v1			JRUM01016844.1	NW_011951822.1
aquChr2:JRUM01016845v1	JRUM01016845v1			JRUM01016845.1	NW_011951823.1
aquChr2:JRUM01016846v1	JRUM01016846v1			JRUM01016846.1	NW_011951824.1
aquChr2:JRUM01016847v1	JRUM01016847v1			JRUM01016847.1	NW_011951825.1
aquChr2:JRUM01016848v1	JRUM01016848v1			JRUM01016848.1	NW_011951826.1
aquChr2:JRUM01016849v1	JRUM01016849v1			JRUM01016849.1	NW_011951827.1
aquChr2:JRUM01016850v1	JRUM01016850v1			JRUM01016850.1	NW_011951828.1
aquChr2:JRUM01016851v1	JRUM01016851v1			JRUM01016851.1	NW_011951829.1
aquChr2:JRUM01016852v1	JRUM01016852v1			JRUM01016852.1	NW_011951830.1
aquChr2:JRUM01016853v1	JRUM01016853v1			JRUM01016853.1	NW_011951831.1
aquChr2:JRUM01016854v1	JRUM01016854v1			JRUM01016854.1	NW_011951832.1
aquChr2:JRUM01016855v1	JRUM01016855v1			JRUM01016855.1	NW_011951833.1
aquChr2:JRUM01016856v1	JRUM01016856v1			JRUM01016856.1	NW_011951834.1
aquChr2:JRUM01016857v1	JRUM01016857v1			JRUM01016857.1	NW_011951835.1
aquChr2:JRUM01016858v1	JRUM01016858v1			JRUM01016858.1	NW_011951836.1
aquChr2:JRUM01016859v1	JRUM01016859v1			JRUM01016859.1	NW_011951837.1
aquChr2:JRUM01016860v1	JRUM01016860v1			JRUM01016860.1	NW_011951838.1
aquChr2:JRUM01016861v1	JRUM01016861v1			JRUM01016861.1	NW_011951839.1
aquChr2:JRUM01016862v1	JRUM01016862v1			JRUM01016862.1	NW_011951840.1
aquChr2:JRUM01016863v1	JRUM01016863v1			JRUM01016863.1	NW_011951841.1
aquChr2:JRUM01016864v1	JRUM01016864v1			JRUM01016864.1	NW_011951842.1
aquChr2:JRUM01016865v1	JRUM01016865v1			JRUM01016865.1	NW_011951843.1
aquChr2:JRUM01016866v1	JRUM01016866v1			JRUM01016866.1	NW_011951844.1
aquChr2:JRUM01016867v1	JRUM01016867v1			JRUM01016867.1	NW_011951845.1
aquChr2:JRUM01016868v1	JRUM01016868v1			JRUM01016868.1	NW_011951846.1
aquChr2:JRUM01016869v1	JRUM01016869v1			JRUM01016869.1	NW_011951847.1
aquChr2:JRUM01016870v1	JRUM01016870v1			JRUM01016870.1	NW_011951848.1
aquChr2:JRUM01016871v1	JRUM01016871v1			JRUM01016871.1	NW_011951849.1
aquChr2:JRUM01016872v1	JRUM01016872v1			JRUM01016872.1	NW_011951850.1
aquChr2:JRUM01016873v1	JRUM01016873v1			JRUM01016873.1	NW_011951851.1
aquChr2:JRUM01016874v1	JRUM01016874v1			JRUM01016874.1	NW_011951852.1
aquChr2:JRUM01016875v1	JRUM01016875v1			JRUM01016875.1	NW_011951853.1
aquChr2:JRUM01016876v1	JRUM01016876v1			JRUM01016876.1	NW_011951854.1
aquChr2:JRUM01016877v1	JRUM01016877v1			JRUM01016877.1	NW_011951855.1
aquChr2:JRUM01016878v1	JRUM01016878v1			JRUM01016878.1	NW_011951856.1
aquChr2:JRUM01016879v1	JRUM01016879v1			JRUM01016879.1	NW_011951857.1
aquChr2:JRUM01016880v1	JRUM01016880v1			JRUM01016880.1	NW_011951858.1
aquChr2:JRUM01016881v1	JRUM01016881v1			JRUM01016881.1	NW_011951859.1
aquChr2:JRUM01016882v1	JRUM01016882v1			JRUM01016882.1	NW_011951860.1
aquChr2:JRUM01016883v1	JRUM01016883v1			JRUM01016883.1	NW_011951861.1
aquChr2:JRUM01016884v1	JRUM01016884v1			JRUM01016884.1	NW_011951862.1
aquChr2:JRUM01016885v1	JRUM01016885v1			JRUM01016885.1	NW_011951863.1
aquChr2:JRUM01016886v1	JRUM01016886v1			JRUM01016886.1	NW_011951864.1
aquChr2:JRUM01016887v1	JRUM01016887v1			JRUM01016887.1	NW_011951865.1
aquChr2:JRUM01016888v1	JRUM01016888v1			JRUM01016888.1	NW_011951866.1
aquChr2:JRUM01016889v1	JRUM01016889v1			JRUM01016889.1	NW_011951867.1
aquChr2:JRUM01016890v1	JRUM01016890v1			JRUM01016890.1	NW_011951868.1
aquChr2:JRUM01016891v1	JRUM01016891v1			JRUM01016891.1	NW_011951869.1
aquChr2:JRUM01016892v1	JRUM01016892v1			JRUM01016892.1	NW_011951870.1
aquChr2:JRUM01016893v1	JRUM01016893v1			JRUM01016893.1	NW_011951871.1
aquChr2:JRUM01016894v1	JRUM01016894v1			JRUM01016894.1	NW_011951872.1
aquChr2:JRUM01016895v1	JRUM01016895v1			JRUM01016895.1	NW_011951873.1
aquChr2:JRUM01016896v1	JRUM01016896v1			JRUM01016896.1	NW_011951874.1
aquChr2:JRUM01016897v1	JRUM01016897v1			JRUM01016897.1	NW_011951875.1
aquChr2:JRUM01016898v1	JRUM01016898v1			JRUM01016898.1	NW_011951876.1
aquChr2:JRUM01016899v1	JRUM01016899v1			JRUM01016899.1	NW_011951877.1
aquChr2:JRUM01016900v1	JRUM01016900v1			JRUM01016900.1	NW_011951878.1
aquChr2:JRUM01016901v1	JRUM01016901v1			JRUM01016901.1	NW_011951879.1
aquChr2:JRUM01016902v1	JRUM01016902v1			JRUM01016902.1	NW_011951880.1
aquChr2:JRUM01016903v1	JRUM01016903v1			JRUM01016903.1	NW_011951881.1
aquChr2:JRUM01016904v1	JRUM01016904v1			JRUM01016904.1	NW_011951882.1
aquChr2:JRUM01016905v1	JRUM01016905v1			JRUM01016905.1	NW_011951883.1
aquChr2:JRUM01016906v1	JRUM01016906v1			JRUM01016906.1	NW_011951884.1
aquChr2:JRUM01016907v1	JRUM01016907v1			JRUM01016907.1	NW_011951885.1
aquChr2:JRUM01016908v1	JRUM01016908v1			JRUM01016908.1	NW_011951886.1
aquChr2:JRUM01016909v1	JRUM01016909v1			JRUM01016909.1	NW_011951887.1
aquChr2:JRUM01016910v1	JRUM01016910v1			JRUM01016910.1	NW_011951888.1
aquChr2:JRUM01016911v1	JRUM01016911v1			JRUM01016911.1	NW_011951889.1
aquChr2:JRUM01016912v1	JRUM01016912v1			JRUM01016912.1	NW_011951890.1
aquChr2:JRUM01016913v1	JRUM01016913v1			JRUM01016913.1	NW_011951891.1
aquChr2:JRUM01016914v1	JRUM01016914v1			JRUM01016914.1	NW_011951892.1
aquChr2:JRUM01016915v1	JRUM01016915v1			JRUM01016915.1	NW_011951893.1
aquChr2:JRUM01016916v1	JRUM01016916v1			JRUM01016916.1	NW_011951894.1
aquChr2:JRUM01016917v1	JRUM01016917v1			JRUM01016917.1	NW_011951895.1
aquChr2:JRUM01016918v1	JRUM01016918v1			JRUM01016918.1	NW_011951896.1
aquChr2:JRUM01016919v1	JRUM01016919v1			JRUM01016919.1	NW_011951897.1
aquChr2:JRUM01016920v1	JRUM01016920v1			JRUM01016920.1	NW_011951898.1
aquChr2:JRUM01016921v1	JRUM01016921v1			JRUM01016921.1	NW_011951899.1
aquChr2:JRUM01016922v1	JRUM01016922v1			JRUM01016922.1	NW_011951900.1
aquChr2:JRUM01016923v1	JRUM01016923v1			JRUM01016923.1	NW_011951901.1
aquChr2:JRUM01016924v1	JRUM01016924v1			JRUM01016924.1	NW_011951902.1
aquChr2:JRUM01016925v1	JRUM01016925v1			JRUM01016925.1	NW_011951903.1
aquChr2:JRUM01016926v1	JRUM01016926v1			JRUM01016926.1	NW_011951904.1
aquChr2:JRUM01016927v1	JRUM01016927v1			JRUM01016927.1	NW_011951905.1
aquChr2:JRUM01016928v1	JRUM01016928v1			JRUM01016928.1	NW_011951906.1
aquChr2:JRUM01016929v1	JRUM01016929v1			JRUM01016929.1	NW_011951907.1
aquChr2:JRUM01016930v1	JRUM01016930v1			JRUM01016930.1	NW_011951908.1
aquChr2:JRUM01016931v1	JRUM01016931v1			JRUM01016931.1	NW_011951909.1
aquChr2:JRUM01016932v1	JRUM01016932v1			JRUM01016932.1	NW_011951910.1
aquChr2:JRUM01016933v1	JRUM01016933v1			JRUM01016933.1	NW_011951911.1
aquChr2:JRUM01016934v1	JRUM01016934v1			JRUM01016934.1	NW_011951912.1
aquChr2:JRUM01016935v1	JRUM01016935v1			JRUM01016935.1	NW_011951913.1
aquChr2:JRUM01016936v1	JRUM01016936v1			JRUM01016936.1	NW_011951914.1
aquChr2:JRUM01016937v1	JRUM01016937v1			JRUM01016937.1	NW_011951915.1
aquChr2:JRUM01016938v1	JRUM01016938v1			JRUM01016938.1	NW_011951916.1
aquChr2:JRUM01016939v1	JRUM01016939v1			JRUM01016939.1	NW_011951917.1
aquChr2:JRUM01016940v1	JRUM01016940v1			JRUM01016940.1	NW_011951918.1
aquChr2:JRUM01016941v1	JRUM01016941v1			JRUM01016941.1	NW_011951919.1
aquChr2:JRUM01016942v1	JRUM01016942v1			JRUM01016942.1	NW_011951920.1
aquChr2:JRUM01016943v1	JRUM01016943v1			JRUM01016943.1	NW_011951921.1
aquChr2:JRUM01016944v1	JRUM01016944v1			JRUM01016944.1	NW_011951922.1
aquChr2:JRUM01016945v1	JRUM01016945v1			JRUM01016945.1	NW_011951923.1
aquChr2:JRUM01016946v1	JRUM01016946v1			JRUM01016946.1	NW_011951924.1
aquChr2:JRUM01016947v1	JRUM01016947v1			JRUM01016947.1	NW_011951925.1
aquChr2:JRUM01016948v1	JRUM01016948v1			JRUM01016948.1	NW_011951926.1
aquChr2:JRUM01016949v1	JRUM01016949v1			JRUM01016949.1	NW_011951927.1
aquChr2:JRUM01016950v1	JRUM01016950v1			JRUM01016950.1	NW_011951928.1
aquChr2:JRUM01016951v1	JRUM01016951v1			JRUM01016951.1	NW_011951929.1
aquChr2:JRUM01016952v1	JRUM01016952v1			JRUM01016952.1	NW_011951930.1
aquChr2:JRUM01016953v1	JRUM01016953v1			JRUM01016953.1	NW_011951931.1
aquChr2:JRUM01016954v1	JRUM01016954v1			JRUM01016954.1	NW_011951932.1
aquChr2:JRUM01016955v1	JRUM01016955v1			JRUM01016955.1	NW_011951933.1
aquChr2:JRUM01016956v1	JRUM01016956v1			JRUM01016956.1	NW_011951934.1
aquChr2:JRUM01016957v1	JRUM01016957v1			JRUM01016957.1	NW_011951935.1
aquChr2:JRUM01016958v1	JRUM01016958v1			JRUM01016958.1	NW_011951936.1
aquChr2:JRUM01016959v1	JRUM01016959v1			JRUM01016959.1	NW_011951937.1
aquChr2:JRUM01016960v1	JRUM01016960v1			JRUM01016960.1	NW_011951938.1
aquChr2:JRUM01016961v1	JRUM01016961v1			JRUM01016961.1	NW_011951939.1
aquChr2:JRUM01016962v1	JRUM01016962v1			JRUM01016962.1	NW_011951940.1
aquChr2:JRUM01016963v1	JRUM01016963v1			JRUM01016963.1	NW_011951941.1
aquChr2:JRUM01016964v1	JRUM01016964v1			JRUM01016964.1	NW_011951942.1
aquChr2:JRUM01016965v1	JRUM01016965v1			JRUM01016965.1	NW_011951943.1
aquChr2:JRUM01016966v1	JRUM01016966v1			JRUM01016966.1	NW_011951944.1
aquChr2:JRUM01016967v1	JRUM01016967v1			JRUM01016967.1	NW_011951945.1
aquChr2:JRUM01016968v1	JRUM01016968v1			JRUM01016968.1	NW_011951946.1
aquChr2:JRUM01016969v1	JRUM01016969v1			JRUM01016969.1	NW_011951947.1
aquChr2:JRUM01016970v1	JRUM01016970v1			JRUM01016970.1	NW_011951948.1
aquChr2:JRUM01016971v1	JRUM01016971v1			JRUM01016971.1	NW_011951949.1
aquChr2:JRUM01016972v1	JRUM01016972v1			JRUM01016972.1	NW_011951950.1
aquChr2:JRUM01016973v1	JRUM01016973v1			JRUM01016973.1	NW_011951951.1
aquChr2:JRUM01016974v1	JRUM01016974v1			JRUM01016974.1	NW_011951952.1
aquChr2:JRUM01016975v1	JRUM01016975v1			JRUM01016975.1	NW_011951953.1
aquChr2:JRUM01016976v1	JRUM01016976v1			JRUM01016976.1	NW_011951954.1
aquChr2:JRUM01016977v1	JRUM01016977v1			JRUM01016977.1	NW_011951955.1
aquChr2:JRUM01016978v1	JRUM01016978v1			JRUM01016978.1	NW_011951956.1
aquChr2:JRUM01016979v1	JRUM01016979v1			JRUM01016979.1	NW_011951957.1
aquChr2:JRUM01016980v1	JRUM01016980v1			JRUM01016980.1	NW_011951958.1
aquChr2:JRUM01016981v1	JRUM01016981v1			JRUM01016981.1	NW_011951959.1
aquChr2:JRUM01016982v1	JRUM01016982v1			JRUM01016982.1	NW_011951960.1
aquChr2:JRUM01016983v1	JRUM01016983v1			JRUM01016983.1	NW_011951961.1
aquChr2:JRUM01016984v1	JRUM01016984v1			JRUM01016984.1	NW_011951962.1
aquChr2:JRUM01016985v1	JRUM01016985v1			JRUM01016985.1	NW_011951963.1
aquChr2:JRUM01016986v1	JRUM01016986v1			JRUM01016986.1	NW_011951964.1
aquChr2:JRUM01016987v1	JRUM01016987v1			JRUM01016987.1	NW_011951965.1
aquChr2:JRUM01016988v1	JRUM01016988v1			JRUM01016988.1	NW_011951966.1
aquChr2:JRUM01016989v1	JRUM01016989v1			JRUM01016989.1	NW_011951967.1
aquChr2:JRUM01016990v1	JRUM01016990v1			JRUM01016990.1	NW_011951968.1
aquChr2:JRUM01016991v1	JRUM01016991v1			JRUM01016991.1	NW_011951969.1
aquChr2:JRUM01016992v1	JRUM01016992v1			JRUM01016992.1	NW_011951970.1
aquChr2:JRUM01016993v1	JRUM01016993v1			JRUM01016993.1	NW_011951971.1
aquChr2:JRUM01016994v1	JRUM01016994v1			JRUM01016994.1	NW_011951972.1
aquChr2:JRUM01016995v1	JRUM01016995v1			JRUM01016995.1	NW_011951973.1
aquChr2:JRUM01016996v1	JRUM01016996v1			JRUM01016996.1	NW_011951974.1
aquChr2:JRUM01016997v1	JRUM01016997v1			JRUM01016997.1	NW_011951975.1
aquChr2:JRUM01016998v1	JRUM01016998v1			JRUM01016998.1	NW_011951976.1
aquChr2:JRUM01016999v1	JRUM01016999v1			JRUM01016999.1	NW_011951977.1
aquChr2:JRUM01017000v1	JRUM01017000v1			JRUM01017000.1	NW_011951978.1
aquChr2:JRUM01017001v1	JRUM01017001v1			JRUM01017001.1	NW_011951979.1
aquChr2:JRUM01017002v1	JRUM01017002v1			JRUM01017002.1	NW_011951980.1
aquChr2:JRUM01017003v1	JRUM01017003v1			JRUM01017003.1	NW_011951981.1
aquChr2:JRUM01017004v1	JRUM01017004v1			JRUM01017004.1	NW_011951982.1
aquChr2:JRUM01017005v1	JRUM01017005v1			JRUM01017005.1	NW_011951983.1
aquChr2:JRUM01017006v1	JRUM01017006v1			JRUM01017006.1	NW_011951984.1
aquChr2:JRUM01017007v1	JRUM01017007v1			JRUM01017007.1	NW_011951985.1
aquChr2:JRUM01017008v1	JRUM01017008v1			JRUM01017008.1	NW_011951986.1
aquChr2:JRUM01017009v1	JRUM01017009v1			JRUM01017009.1	NW_011951987.1
aquChr2:JRUM01017010v1	JRUM01017010v1			JRUM01017010.1	NW_011951988.1
aquChr2:JRUM01017011v1	JRUM01017011v1			JRUM01017011.1	NW_011951989.1
aquChr2:JRUM01017012v1	JRUM01017012v1			JRUM01017012.1	NW_011951990.1
aquChr2:JRUM01017013v1	JRUM01017013v1			JRUM01017013.1	NW_011951991.1
aquChr2:JRUM01017014v1	JRUM01017014v1			JRUM01017014.1	NW_011951992.1
aquChr2:JRUM01017015v1	JRUM01017015v1			JRUM01017015.1	NW_011951993.1
aquChr2:JRUM01017016v1	JRUM01017016v1			JRUM01017016.1	NW_011951994.1
aquChr2:JRUM01017017v1	JRUM01017017v1			JRUM01017017.1	NW_011951995.1
aquChr2:JRUM01017018v1	JRUM01017018v1			JRUM01017018.1	NW_011951996.1
aquChr2:JRUM01017019v1	JRUM01017019v1			JRUM01017019.1	NW_011951997.1
aquChr2:JRUM01017020v1	JRUM01017020v1			JRUM01017020.1	NW_011951998.1
aquChr2:JRUM01017021v1	JRUM01017021v1			JRUM01017021.1	NW_011951999.1
aquChr2:JRUM01017022v1	JRUM01017022v1			JRUM01017022.1	NW_011952000.1
aquChr2:JRUM01017023v1	JRUM01017023v1			JRUM01017023.1	NW_011952001.1
aquChr2:JRUM01017024v1	JRUM01017024v1			JRUM01017024.1	NW_011952002.1
aquChr2:JRUM01017025v1	JRUM01017025v1			JRUM01017025.1	NW_011952003.1
aquChr2:JRUM01017026v1	JRUM01017026v1			JRUM01017026.1	NW_011952004.1
aquChr2:JRUM01017027v1	JRUM01017027v1			JRUM01017027.1	NW_011952005.1
aquChr2:JRUM01017028v1	JRUM01017028v1			JRUM01017028.1	NW_011952006.1
aquChr2:JRUM01017029v1	JRUM01017029v1			JRUM01017029.1	NW_011952007.1
aquChr2:JRUM01017030v1	JRUM01017030v1			JRUM01017030.1	NW_011952008.1
aquChr2:JRUM01017031v1	JRUM01017031v1			JRUM01017031.1	NW_011952009.1
aquChr2:KN265652v1	KN265652v1			KN265652.1	NW_011950869.1
aquChr2:KN265653v1	KN265653v1			KN265653.1	NW_011950870.1
aquChr2:KN265654v1	KN265654v1			KN265654.1	NW_011950871.1
aquChr2:KN265655v1	KN265655v1			KN265655.1	NW_011950872.1
aquChr2:KN265656v1	KN265656v1			KN265656.1	NW_011950873.1
aquChr2:KN265657v1	KN265657v1			KN265657.1	NW_011950874.1
aquChr2:KN265658v1	KN265658v1			KN265658.1	NW_011950875.1
aquChr2:KN265659v1	KN265659v1			KN265659.1	NW_011950876.1
aquChr2:KN265660v1	KN265660v1			KN265660.1	NW_011950877.1
aquChr2:KN265661v1	KN265661v1			KN265661.1	NW_011950878.1
aquChr2:KN265662v1	KN265662v1			KN265662.1	NW_011950879.1
aquChr2:KN265663v1	KN265663v1			KN265663.1	NW_011950880.1
aquChr2:KN265664v1	KN265664v1			KN265664.1	NW_011950881.1
aquChr2:KN265665v1	KN265665v1			KN265665.1	NW_011950882.1
aquChr2:KN265666v1	KN265666v1			KN265666.1	NW_011950883.1
aquChr2:KN265667v1	KN265667v1			KN265667.1	NW_011950884.1
aquChr2:KN265668v1	KN265668v1			KN265668.1	NW_011950885.1
aquChr2:KN265669v1	KN265669v1			KN265669.1	NW_011950886.1
aquChr2:KN265670v1	KN265670v1			KN265670.1	NW_011950887.1
aquChr2:KN265671v1	KN265671v1			KN265671.1	NW_011950888.1
aquChr2:KN265672v1	KN265672v1			KN265672.1	NW_011950889.1
aquChr2:KN265673v1	KN265673v1			KN265673.1	NW_011950890.1
aquChr2:KN265674v1	KN265674v1			KN265674.1	NW_011950891.1
aquChr2:KN265675v1	KN265675v1			KN265675.1	NW_011950892.1
aquChr2:KN265676v1	KN265676v1			KN265676.1	NW_011950893.1
aquChr2:KN265677v1	KN265677v1			KN265677.1	NW_011950894.1
aquChr2:KN265678v1	KN265678v1			KN265678.1	NW_011950895.1
aquChr2:KN265679v1	KN265679v1			KN265679.1	NW_011950896.1
aquChr2:KN265680v1	KN265680v1			KN265680.1	NW_011950897.1
aquChr2:KN265681v1	KN265681v1			KN265681.1	NW_011950898.1
aquChr2:KN265682v1	KN265682v1			KN265682.1	NW_011950899.1
aquChr2:KN265683v1	KN265683v1			KN265683.1	NW_011950900.1
aquChr2:KN265684v1	KN265684v1			KN265684.1	NW_011950901.1
aquChr2:KN265685v1	KN265685v1			KN265685.1	NW_011950902.1
aquChr2:KN265686v1	KN265686v1			KN265686.1	NW_011950903.1
aquChr2:KN265687v1	KN265687v1			KN265687.1	NW_011950904.1
aquChr2:KN265688v1	KN265688v1			KN265688.1	NW_011950905.1
aquChr2:KN265689v1	KN265689v1			KN265689.1	NW_011950906.1
aquChr2:KN265690v1	KN265690v1			KN265690.1	NW_011950907.1
aquChr2:KN265691v1	KN265691v1			KN265691.1	NW_011950908.1
aquChr2:KN265692v1	KN265692v1			KN265692.1	NW_011950909.1
aquChr2:KN265693v1	KN265693v1			KN265693.1	NW_011950910.1
aquChr2:KN265694v1	KN265694v1			KN265694.1	NW_011950911.1
aquChr2:KN265695v1	KN265695v1			KN265695.1	NW_011950912.1
aquChr2:KN265696v1	KN265696v1			KN265696.1	NW_011950913.1
aquChr2:KN265697v1	KN265697v1			KN265697.1	NW_011950914.1
aquChr2:KN265698v1	KN265698v1			KN265698.1	NW_011950915.1
aquChr2:KN265699v1	KN265699v1			KN265699.1	NW_011950916.1
aquChr2:KN265700v1	KN265700v1			KN265700.1	NW_011950917.1
aquChr2:KN265701v1	KN265701v1			KN265701.1	NW_011950918.1
aquChr2:KN265702v1	KN265702v1			KN265702.1	NW_011950919.1
aquChr2:KN265703v1	KN265703v1			KN265703.1	NW_011950920.1
aquChr2:KN265704v1	KN265704v1			KN265704.1	NW_011950921.1
aquChr2:KN265705v1	KN265705v1			KN265705.1	NW_011950922.1
aquChr2:KN265706v1	KN265706v1			KN265706.1	NW_011950923.1
aquChr2:KN265707v1	KN265707v1			KN265707.1	NW_011950924.1
aquChr2:KN265708v1	KN265708v1			KN265708.1	NW_011950925.1
aquChr2:KN265709v1	KN265709v1			KN265709.1	NW_011950926.1
aquChr2:KN265710v1	KN265710v1			KN265710.1	NW_011950927.1
aquChr2:KN265711v1	KN265711v1			KN265711.1	NW_011950928.1
aquChr2:KN265712v1	KN265712v1			KN265712.1	NW_011950929.1
aquChr2:KN265713v1	KN265713v1			KN265713.1	NW_011950930.1
aquChr2:KN265714v1	KN265714v1			KN265714.1	NW_011950931.1
aquChr2:KN265715v1	KN265715v1			KN265715.1	NW_011950932.1
aquChr2:KN265716v1	KN265716v1			KN265716.1	NW_011950933.1
aquChr2:KN265717v1	KN265717v1			KN265717.1	NW_011950934.1
aquChr2:KN265718v1	KN265718v1			KN265718.1	NW_011950935.1
aquChr2:KN265719v1	KN265719v1			KN265719.1	NW_011950936.1
aquChr2:KN265720v1	KN265720v1			KN265720.1	NW_011950937.1
aquChr2:KN265721v1	KN265721v1			KN265721.1	NW_011950938.1
aquChr2:KN265722v1	KN265722v1			KN265722.1	NW_011950939.1
aquChr2:KN265723v1	KN265723v1			KN265723.1	NW_011950940.1
aquChr2:KN265724v1	KN265724v1			KN265724.1	NW_011950941.1
aquChr2:KN265725v1	KN265725v1			KN265725.1	NW_011950942.1
aquChr2:KN265726v1	KN265726v1			KN265726.1	NW_011950943.1
aquChr2:KN265727v1	KN265727v1			KN265727.1	NW_011950944.1
aquChr2:KN265728v1	KN265728v1			KN265728.1	NW_011950945.1
aquChr2:KN265729v1	KN265729v1			KN265729.1	NW_011950946.1
aquChr2:KN265730v1	KN265730v1			KN265730.1	NW_011950947.1
aquChr2:KN265731v1	KN265731v1			KN265731.1	NW_011950948.1
aquChr2:KN265732v1	KN265732v1			KN265732.1	NW_011950949.1
aquChr2:KN265733v1	KN265733v1			KN265733.1	NW_011950950.1
aquChr2:KN265734v1	KN265734v1			KN265734.1	NW_011950951.1
aquChr2:KN265735v1	KN265735v1			KN265735.1	NW_011950952.1
aquChr2:KN265736v1	KN265736v1			KN265736.1	NW_011950953.1
aquChr2:KN265737v1	KN265737v1			KN265737.1	NW_011950954.1
aquChr2:KN265738v1	KN265738v1			KN265738.1	NW_011950955.1
aquChr2:KN265739v1	KN265739v1			KN265739.1	NW_011950956.1
aquChr2:KN265740v1	KN265740v1			KN265740.1	NW_011950957.1
aquChr2:KN265741v1	KN265741v1			KN265741.1	NW_011950958.1
aquChr2:KN265742v1	KN265742v1			KN265742.1	NW_011950959.1
aquChr2:KN265743v1	KN265743v1			KN265743.1	NW_011950960.1
aquChr2:KN265744v1	KN265744v1			KN265744.1	NW_011950961.1
aquChr2:KN265745v1	KN265745v1			KN265745.1	NW_011950962.1
aquChr2:KN265746v1	KN265746v1			KN265746.1	NW_011950963.1
aquChr2:KN265747v1	KN265747v1			KN265747.1	NW_011950964.1
aquChr2:KN265748v1	KN265748v1			KN265748.1	NW_011950965.1
aquChr2:KN265749v1	KN265749v1			KN265749.1	NW_011950966.1
aquChr2:KN265750v1	KN265750v1			KN265750.1	NW_011950967.1
aquChr2:KN265751v1	KN265751v1			KN265751.1	NW_011950968.1
aquChr2:KN265752v1	KN265752v1			KN265752.1	NW_011950969.1
aquChr2:KN265753v1	KN265753v1			KN265753.1	NW_011950970.1
aquChr2:KN265754v1	KN265754v1			KN265754.1	NW_011950971.1
aquChr2:KN265755v1	KN265755v1			KN265755.1	NW_011950972.1
aquChr2:KN265756v1	KN265756v1			KN265756.1	NW_011950973.1
aquChr2:KN265757v1	KN265757v1			KN265757.1	NW_011950974.1
aquChr2:KN265758v1	KN265758v1			KN265758.1	NW_011950975.1
aquChr2:KN265759v1	KN265759v1			KN265759.1	NW_011950976.1
aquChr2:KN265760v1	KN265760v1			KN265760.1	NW_011950977.1
aquChr2:KN265761v1	KN265761v1			KN265761.1	NW_011950978.1
aquChr2:KN265762v1	KN265762v1			KN265762.1	NW_011950979.1
aquChr2:KN265763v1	KN265763v1			KN265763.1	NW_011950980.1
aquChr2:KN265764v1	KN265764v1			KN265764.1	NW_011950981.1
aquChr2:KN265765v1	KN265765v1			KN265765.1	NW_011950982.1
aquChr2:KN265766v1	KN265766v1			KN265766.1	NW_011950983.1
aquChr2:KN265767v1	KN265767v1			KN265767.1	NW_011950984.1
aquChr2:KN265768v1	KN265768v1			KN265768.1	NW_011950985.1
aquChr2:KN265769v1	KN265769v1			KN265769.1	NW_011950986.1
aquChr2:KN265770v1	KN265770v1			KN265770.1	NW_011950987.1
aquChr2:KN265771v1	KN265771v1			KN265771.1	NW_011950988.1
aquChr2:KN265772v1	KN265772v1			KN265772.1	NW_011950989.1
aquChr2:KN265773v1	KN265773v1			KN265773.1	NW_011950990.1
aquChr2:KN265774v1	KN265774v1			KN265774.1	NW_011950991.1
aquChr2:KN265775v1	KN265775v1			KN265775.1	NW_011950992.1
aquChr2:KN265776v1	KN265776v1			KN265776.1	NW_011950993.1
aquChr2:KN265777v1	KN265777v1			KN265777.1	NW_011950994.1
aquChr2:KN265778v1	KN265778v1			KN265778.1	NW_011950995.1
aquChr2:KN265779v1	KN265779v1			KN265779.1	NW_011950996.1
aquChr2:KN265780v1	KN265780v1			KN265780.1	NW_011950997.1
aquChr2:KN265781v1	KN265781v1			KN265781.1	NW_011950998.1
aquChr2:KN265782v1	KN265782v1			KN265782.1	NW_011950999.1
aquChr2:KN265783v1	KN265783v1			KN265783.1	NW_011951000.1
aquChr2:KN265784v1	KN265784v1			KN265784.1	NW_011951001.1
aquChr2:KN265785v1	KN265785v1			KN265785.1	NW_011951002.1
aquChr2:KN265786v1	KN265786v1			KN265786.1	NW_011951003.1
aquChr2:KN265787v1	KN265787v1			KN265787.1	NW_011951004.1
aquChr2:KN265788v1	KN265788v1			KN265788.1	NW_011951005.1
aquChr2:KN265789v1	KN265789v1			KN265789.1	NW_011951006.1
aquChr2:KN265790v1	KN265790v1			KN265790.1	NW_011951007.1
aquChr2:KN265791v1	KN265791v1			KN265791.1	NW_011951008.1
aquChr2:KN265792v1	KN265792v1			KN265792.1	NW_011951009.1
aquChr2:KN265793v1	KN265793v1			KN265793.1	NW_011951010.1
aquChr2:KN265794v1	KN265794v1			KN265794.1	NW_011951011.1
aquChr2:KN265795v1	KN265795v1			KN265795.1	NW_011951012.1
aquChr2:KN265796v1	KN265796v1			KN265796.1	NW_011951013.1
aquChr2:KN265797v1	KN265797v1			KN265797.1	NW_011951014.1
aquChr2:KN265798v1	KN265798v1			KN265798.1	NW_011951015.1
aquChr2:KN265799v1	KN265799v1			KN265799.1	NW_011951016.1
aquChr2:KN265800v1	KN265800v1			KN265800.1	NW_011951017.1
aquChr2:KN265801v1	KN265801v1			KN265801.1	NW_011951018.1
aquChr2:KN265802v1	KN265802v1			KN265802.1	NW_011951019.1
aquChr2:KN265803v1	KN265803v1			KN265803.1	NW_011951020.1
aquChr2:KN265804v1	KN265804v1			KN265804.1	NW_011951021.1
aquChr2:KN265805v1	KN265805v1			KN265805.1	NW_011951022.1
aquChr2:KN265806v1	KN265806v1			KN265806.1	NW_011951023.1
aquChr2:KN265807v1	KN265807v1			KN265807.1	NW_011951024.1
aquChr2:KN265808v1	KN265808v1			KN265808.1	NW_011951025.1
aquChr2:KN265809v1	KN265809v1			KN265809.1	NW_011951026.1
aquChr2:KN265810v1	KN265810v1			KN265810.1	NW_011951027.1
aquChr2:KN265811v1	KN265811v1			KN265811.1	NW_011951028.1
aquChr2:KN265812v1	KN265812v1			KN265812.1	NW_011951029.1
aquChr2:KN265813v1	KN265813v1			KN265813.1	NW_011951030.1
aquChr2:KN265814v1	KN265814v1			KN265814.1	NW_011951031.1
aquChr2:KN265815v1	KN265815v1			KN265815.1	NW_011951032.1
aquChr2:KN265816v1	KN265816v1			KN265816.1	NW_011951033.1
aquChr2:KN265817v1	KN265817v1			KN265817.1	NW_011951034.1
aquChr2:KN265818v1	KN265818v1			KN265818.1	NW_011951035.1
aquChr2:KN265819v1	KN265819v1			KN265819.1	NW_011951036.1
aquChr2:KN265820v1	KN265820v1			KN265820.1	NW_011951037.1
aquChr2:KN265821v1	KN265821v1			KN265821.1	NW_011951038.1
aquChr2:KN265822v1	KN265822v1			KN265822.1	NW_011951039.1
aquChr2:KN265823v1	KN265823v1			KN265823.1	NW_011951040.1
aquChr2:KN265824v1	KN265824v1			KN265824.1	NW_011951041.1
aquChr2:KN265825v1	KN265825v1			KN265825.1	NW_011951042.1
aquChr2:KN265826v1	KN265826v1			KN265826.1	NW_011951043.1
aquChr2:KN265827v1	KN265827v1			KN265827.1	NW_011951044.1
aquChr2:KN265828v1	KN265828v1			KN265828.1	NW_011951045.1
aquChr2:KN265829v1	KN265829v1			KN265829.1	NW_011951046.1
aquChr2:KN265830v1	KN265830v1			KN265830.1	NW_011951047.1
aquChr2:KN265831v1	KN265831v1			KN265831.1	NW_011951048.1
aquChr2:KN265832v1	KN265832v1			KN265832.1	NW_011951049.1
aquChr2:KN265833v1	KN265833v1			KN265833.1	NW_011951050.1
aquChr2:KN265834v1	KN265834v1			KN265834.1	NW_011951051.1
aquChr2:KN265835v1	KN265835v1			KN265835.1	NW_011951052.1
aquChr2:KN265836v1	KN265836v1			KN265836.1	NW_011951053.1
aquChr2:KN265837v1	KN265837v1			KN265837.1	NW_011951054.1
aquChr2:KN265838v1	KN265838v1			KN265838.1	NW_011951055.1
aquChr2:KN265839v1	KN265839v1			KN265839.1	NW_011951056.1
aquChr2:KN265840v1	KN265840v1			KN265840.1	NW_011951057.1
aquChr2:KN265841v1	KN265841v1			KN265841.1	NW_011951058.1
aquChr2:KN265842v1	KN265842v1			KN265842.1	NW_011951059.1
aquChr2:KN265843v1	KN265843v1			KN265843.1	NW_011951060.1
aquChr2:KN265844v1	KN265844v1			KN265844.1	NW_011951061.1
aquChr2:KN265845v1	KN265845v1			KN265845.1	NW_011951062.1
aquChr2:KN265846v1	KN265846v1			KN265846.1	NW_011951063.1
aquChr2:KN265847v1	KN265847v1			KN265847.1	NW_011951064.1
aquChr2:KN265848v1	KN265848v1			KN265848.1	NW_011951065.1
aquChr2:KN265849v1	KN265849v1			KN265849.1	NW_011951066.1
aquChr2:KN265850v1	KN265850v1			KN265850.1	NW_011951067.1
aquChr2:KN265851v1	KN265851v1			KN265851.1	NW_011951068.1
aquChr2:KN265852v1	KN265852v1			KN265852.1	NW_011951069.1
aquChr2:KN265853v1	KN265853v1			KN265853.1	NW_011951070.1
aquChr2:KN265854v1	KN265854v1			KN265854.1	NW_011951071.1
aquChr2:KN265855v1	KN265855v1			KN265855.1	NW_011951072.1
aquChr2:KN265856v1	KN265856v1			KN265856.1	NW_011951073.1
aquChr2:KN265857v1	KN265857v1			KN265857.1	NW_011951074.1
aquChr2:KN265858v1	KN265858v1			KN265858.1	NW_011951075.1
aquChr2:KN265859v1	KN265859v1			KN265859.1	NW_011951076.1
aquChr2:KN265860v1	KN265860v1			KN265860.1	NW_011951077.1
aquChr2:KN265861v1	KN265861v1			KN265861.1	NW_011951078.1
aquChr2:KN265862v1	KN265862v1			KN265862.1	NW_011951079.1
aquChr2:KN265863v1	KN265863v1			KN265863.1	NW_011951080.1
aquChr2:KN265864v1	KN265864v1			KN265864.1	NW_011951081.1
aquChr2:KN265865v1	KN265865v1			KN265865.1	NW_011951082.1
aquChr2:KN265866v1	KN265866v1			KN265866.1	NW_011951083.1
aquChr2:KN265867v1	KN265867v1			KN265867.1	NW_011951084.1
aquChr2:KN265868v1	KN265868v1			KN265868.1	NW_011951085.1
aquChr2:KN265869v1	KN265869v1			KN265869.1	NW_011951086.1
aquChr2:KN265870v1	KN265870v1			KN265870.1	NW_011951087.1
aquChr2:KN265871v1	KN265871v1			KN265871.1	NW_011951088.1
aquChr2:KN265872v1	KN265872v1			KN265872.1	NW_011951089.1
aquChr2:KN265873v1	KN265873v1			KN265873.1	NW_011951090.1
aquChr2:KN265874v1	KN265874v1			KN265874.1	NW_011951091.1
aquChr2:KN265875v1	KN265875v1			KN265875.1	NW_011951092.1
aquChr2:KN265876v1	KN265876v1			KN265876.1	NW_011951093.1
aquChr2:KN265877v1	KN265877v1			KN265877.1	NW_011951094.1
aquChr2:KN265878v1	KN265878v1			KN265878.1	NW_011951095.1
aquChr2:KN265879v1	KN265879v1			KN265879.1	NW_011951096.1
aquChr2:KN265880v1	KN265880v1			KN265880.1	NW_011951097.1
aquChr2:KN265881v1	KN265881v1			KN265881.1	NW_011951098.1
aquChr2:KN265882v1	KN265882v1			KN265882.1	NW_011951099.1
aquChr2:KN265883v1	KN265883v1			KN265883.1	NW_011951100.1
aquChr2:KN265884v1	KN265884v1			KN265884.1	NW_011951101.1
aquChr2:KN265885v1	KN265885v1			KN265885.1	NW_011951102.1
aquChr2:KN265886v1	KN265886v1			KN265886.1	NW_011951103.1
aquChr2:KN265887v1	KN265887v1			KN265887.1	NW_011951104.1
aquChr2:KN265888v1	KN265888v1			KN265888.1	NW_011951105.1
aquChr2:KN265889v1	KN265889v1			KN265889.1	NW_011951106.1
aquChr2:KN265890v1	KN265890v1			KN265890.1	NW_011951107.1
aquChr2:KN265891v1	KN265891v1			KN265891.1	NW_011951108.1
aquChr2:KN265892v1	KN265892v1			KN265892.1	NW_011951109.1
aquChr2:KN265893v1	KN265893v1			KN265893.1	NW_011951110.1
aquChr2:KN265894v1	KN265894v1			KN265894.1	NW_011951111.1
aquChr2:KN265895v1	KN265895v1			KN265895.1	NW_011951112.1
aquChr2:KN265896v1	KN265896v1			KN265896.1	NW_011951113.1
aquChr2:KN265897v1	KN265897v1			KN265897.1	NW_011951114.1
aquChr2:KN265898v1	KN265898v1			KN265898.1	NW_011951115.1
aquChr2:KN265899v1	KN265899v1			KN265899.1	NW_011951116.1
aquChr2:KN265900v1	KN265900v1			KN265900.1	NW_011951117.1
aquChr2:KN265901v1	KN265901v1			KN265901.1	NW_011951118.1
aquChr2:KN265902v1	KN265902v1			KN265902.1	NW_011951119.1
aquChr2:KN265903v1	KN265903v1			KN265903.1	NW_011951120.1
aquChr2:KN265904v1	KN265904v1			KN265904.1	NW_011951121.1
aquChr2:KN265905v1	KN265905v1			KN265905.1	NW_011951122.1
aquChr2:KN265906v1	KN265906v1			KN265906.1	NW_011951123.1
aquChr2:KN265907v1	KN265907v1			KN265907.1	NW_011951124.1
aquChr2:KN265908v1	KN265908v1			KN265908.1	NW_011951125.1
aquChr2:KN265909v1	KN265909v1			KN265909.1	NW_011951126.1
aquChr2:KN265910v1	KN265910v1			KN265910.1	NW_011951127.1
aquChr2:KN265911v1	KN265911v1			KN265911.1	NW_011951128.1
aquChr2:KN265912v1	KN265912v1			KN265912.1	NW_011951129.1
aquChr2:KN265913v1	KN265913v1			KN265913.1	NW_011951130.1
aquChr2:KN265914v1	KN265914v1			KN265914.1	NW_011951131.1
aquChr2:KN265915v1	KN265915v1			KN265915.1	NW_011951132.1
aquChr2:KN265916v1	KN265916v1			KN265916.1	NW_011951133.1
aquChr2:KN265917v1	KN265917v1			KN265917.1	NW_011951134.1
aquChr2:KN265918v1	KN265918v1			KN265918.1	NW_011951135.1
aquChr2:KN265919v1	KN265919v1			KN265919.1	NW_011951136.1
aquChr2:KN265920v1	KN265920v1			KN265920.1	NW_011951137.1
aquChr2:KN265921v1	KN265921v1			KN265921.1	NW_011951138.1
aquChr2:KN265922v1	KN265922v1			KN265922.1	NW_011951139.1
aquChr2:KN265923v1	KN265923v1			KN265923.1	NW_011951140.1
aquChr2:KN265924v1	KN265924v1			KN265924.1	NW_011951141.1
aquChr2:KN265925v1	KN265925v1			KN265925.1	NW_011951142.1
aquChr2:KN265926v1	KN265926v1			KN265926.1	NW_011951143.1
aquChr2:KN265927v1	KN265927v1			KN265927.1	NW_011951144.1
aquChr2:KN265928v1	KN265928v1			KN265928.1	NW_011951145.1
aquChr2:KN265929v1	KN265929v1			KN265929.1	NW_011951146.1
aquChr2:KN265930v1	KN265930v1			KN265930.1	NW_011951147.1
aquChr2:KN265931v1	KN265931v1			KN265931.1	NW_011951148.1
aquChr2:KN265932v1	KN265932v1			KN265932.1	NW_011951149.1
aquChr2:KN265933v1	KN265933v1			KN265933.1	NW_011951150.1
aquChr2:KN265934v1	KN265934v1			KN265934.1	NW_011951151.1
aquChr2:KN265935v1	KN265935v1			KN265935.1	NW_011951152.1
aquChr2:KN265936v1	KN265936v1			KN265936.1	NW_011951153.1
aquChr2:KN265937v1	KN265937v1			KN265937.1	NW_011951154.1
aquChr2:KN265938v1	KN265938v1			KN265938.1	NW_011951155.1
aquChr2:KN265939v1	KN265939v1			KN265939.1	NW_011951156.1
aquChr2:KN265940v1	KN265940v1			KN265940.1	NW_011951157.1
aquChr2:KN265941v1	KN265941v1			KN265941.1	NW_011951158.1
aquChr2:KN265942v1	KN265942v1			KN265942.1	NW_011951159.1
aquChr2:KN265943v1	KN265943v1			KN265943.1	NW_011951160.1
aquChr2:KN265944v1	KN265944v1			KN265944.1	NW_011951161.1
aquChr2:KN265945v1	KN265945v1			KN265945.1	NW_011951162.1
aquChr2:KN265946v1	KN265946v1			KN265946.1	NW_011951163.1
aquChr2:KN265947v1	KN265947v1			KN265947.1	NW_011951164.1
aquChr2:KN265948v1	KN265948v1			KN265948.1	NW_011951165.1
aquChr2:KN265949v1	KN265949v1			KN265949.1	NW_011951166.1
aquChr2:KN265950v1	KN265950v1			KN265950.1	NW_011951167.1
aquChr2:KN265951v1	KN265951v1			KN265951.1	NW_011951168.1
aquChr2:KN265952v1	KN265952v1			KN265952.1	NW_011951169.1
aquChr2:KN265953v1	KN265953v1			KN265953.1	NW_011951170.1
aquChr2:KN265954v1	KN265954v1			KN265954.1	NW_011951171.1
aquChr2:KN265955v1	KN265955v1			KN265955.1	NW_011951172.1
aquChr2:KN265956v1	KN265956v1			KN265956.1	NW_011951173.1
aquChr2:KN265957v1	KN265957v1			KN265957.1	NW_011951174.1
aquChr2:KN265958v1	KN265958v1			KN265958.1	NW_011951175.1
aquChr2:KN265959v1	KN265959v1			KN265959.1	NW_011951176.1
aquChr2:KN265960v1	KN265960v1			KN265960.1	NW_011951177.1
aquChr2:KN265961v1	KN265961v1			KN265961.1	NW_011951178.1
aquChr2:KN265962v1	KN265962v1			KN265962.1	NW_011951179.1
aquChr2:KN265963v1	KN265963v1			KN265963.1	NW_011951180.1
aquChr2:KN265964v1	KN265964v1			KN265964.1	NW_011951181.1
aquChr2:KN265965v1	KN265965v1			KN265965.1	NW_011951182.1
aquChr2:KN265966v1	KN265966v1			KN265966.1	NW_011951183.1
aquChr2:KN265967v1	KN265967v1			KN265967.1	NW_011951184.1
aquChr2:KN265968v1	KN265968v1			KN265968.1	NW_011951186.1
aquChr2:KN265969v1	KN265969v1			KN265969.1	NW_011951187.1
aquChr2:KN265970v1	KN265970v1			KN265970.1	NW_011951188.1
aquChr2:KN265971v1	KN265971v1			KN265971.1	NW_011951190.1
aquChr2:KN265972v1	KN265972v1			KN265972.1	NW_011951191.1
aquChr2:KN265973v1	KN265973v1			KN265973.1	NW_011951192.1
aquChr2:KN265974v1	KN265974v1			KN265974.1	NW_011951193.1
aquChr2:KN265975v1	KN265975v1			KN265975.1	NW_011951194.1
aquChr2:KN265976v1	KN265976v1			KN265976.1	NW_011951195.1
aquChr2:KN265977v1	KN265977v1			KN265977.1	NW_011951196.1
aquChr2:KN265978v1	KN265978v1			KN265978.1	NW_011951197.1
aquChr2:KN265979v1	KN265979v1			KN265979.1	NW_011951198.1
aquChr2:KN265980v1	KN265980v1			KN265980.1	NW_011951199.1
aquChr2:KN265981v1	KN265981v1			KN265981.1	NW_011951200.1
aquChr2:KN265982v1	KN265982v1			KN265982.1	NW_011951201.1
aquChr2:KN265983v1	KN265983v1			KN265983.1	NW_011951202.1
aquChr2:KN265984v1	KN265984v1			KN265984.1	NW_011951203.1
aquChr2:KN265985v1	KN265985v1			KN265985.1	NW_011951204.1
aquChr2:KN265986v1	KN265986v1			KN265986.1	NW_011951205.1
aquChr2:KN265987v1	KN265987v1			KN265987.1	NW_011951206.1
aquChr2:KN265988v1	KN265988v1			KN265988.1	NW_011951207.1
aquChr2:KN265989v1	KN265989v1			KN265989.1	NW_011951209.1
aquChr2:KN265990v1	KN265990v1			KN265990.1	NW_011951210.1
aquChr2:KN265991v1	KN265991v1			KN265991.1	NW_011951211.1
aquChr2:KN265992v1	KN265992v1			KN265992.1	NW_011951212.1
aquChr2:KN265993v1	KN265993v1			KN265993.1	NW_011951213.1
aquChr2:KN265994v1	KN265994v1			KN265994.1	NW_011951214.1
aquChr2:KN265995v1	KN265995v1			KN265995.1	NW_011951215.1
aquChr2:KN265996v1	KN265996v1			KN265996.1	NW_011951216.1
aquChr2:KN265997v1	KN265997v1			KN265997.1	NW_011951217.1
aquChr2:KN265998v1	KN265998v1			KN265998.1	NW_011951218.1
aquChr2:KN265999v1	KN265999v1			KN265999.1	NW_011951219.1
aquChr2:KN266000v1	KN266000v1			KN266000.1	NW_011951220.1
aquChr2:KN266001v1	KN266001v1			KN266001.1	NW_011951221.1
aquChr2:KN266002v1	KN266002v1			KN266002.1	NW_011951222.1
aquChr2:KN266003v1	KN266003v1			KN266003.1	NW_011951223.1
aquChr2:KN266004v1	KN266004v1			KN266004.1	NW_011951224.1
aquChr2:KN266005v1	KN266005v1			KN266005.1	NW_011951225.1
aquChr2:KN266006v1	KN266006v1			KN266006.1	NW_011951226.1
aquChr2:KN266007v1	KN266007v1			KN266007.1	NW_011951227.1
aquChr2:KN266008v1	KN266008v1			KN266008.1	NW_011951228.1
aquChr2:KN266009v1	KN266009v1			KN266009.1	NW_011951229.1
aquChr2:KN266010v1	KN266010v1			KN266010.1	NW_011951230.1
aquChr2:KN266011v1	KN266011v1			KN266011.1	NW_011951231.1
aquChr2:KN266012v1	KN266012v1			KN266012.1	NW_011951232.1
aquChr2:KN266013v1	KN266013v1			KN266013.1	NW_011951233.1
aquChr2:KN266014v1	KN266014v1			KN266014.1	NW_011951235.1
aquChr2:KN266015v1	KN266015v1			KN266015.1	NW_011951236.1
aquChr2:KN266016v1	KN266016v1			KN266016.1	NW_011951238.1
aquChr2:KN266017v1	KN266017v1			KN266017.1	NW_011951240.1
aquChr2:KN266018v1	KN266018v1			KN266018.1	NW_011951241.1
aquChr2:KN266019v1	KN266019v1			KN266019.1	NW_011951242.1
aquChr2:KN266020v1	KN266020v1			KN266020.1	NW_011951243.1
aquChr2:KN266021v1	KN266021v1			KN266021.1	NW_011951244.1
aquChr2:KN266022v1	KN266022v1			KN266022.1	NW_011951245.1
aquChr2:KN266023v1	KN266023v1			KN266023.1	NW_011951246.1
aquChr2:KN266024v1	KN266024v1			KN266024.1	NW_011951247.1
aquChr2:KN266025v1	KN266025v1			KN266025.1	NW_011951248.1
aquChr2:KN266026v1	KN266026v1			KN266026.1	NW_011951249.1
aquChr2:KN266027v1	KN266027v1			KN266027.1	NW_011951250.1
aquChr2:KN266028v1	KN266028v1			KN266028.1	NW_011951252.1
aquChr2:KN266029v1	KN266029v1			KN266029.1	NW_011951253.1
aquChr2:KN266030v1	KN266030v1			KN266030.1	NW_011951254.1
aquChr2:KN266031v1	KN266031v1			KN266031.1	NW_011951255.1
aquChr2:KN266032v1	KN266032v1			KN266032.1	NW_011951256.1
aquChr2:KN266033v1	KN266033v1			KN266033.1	NW_011951257.1
aquChr2:KN266034v1	KN266034v1			KN266034.1	NW_011951258.1
aquChr2:KN266035v1	KN266035v1			KN266035.1	NW_011951259.1
aquChr2:KN266036v1	KN266036v1			KN266036.1	NW_011951260.1
aquChr2:KN266037v1	KN266037v1			KN266037.1	NW_011951261.1
aquChr2:KN266038v1	KN266038v1			KN266038.1	NW_011951262.1
aquChr2:KN266039v1	KN266039v1			KN266039.1	NW_011951264.1
aquChr2:KN266040v1	KN266040v1			KN266040.1	NW_011951265.1
aquChr2:KN266041v1	KN266041v1			KN266041.1	NW_011951266.1
aquChr2:KN266042v1	KN266042v1			KN266042.1	NW_011951267.1
aquChr2:KN266043v1	KN266043v1			KN266043.1	NW_011951268.1
aquChr2:KN266044v1	KN266044v1			KN266044.1	NW_011951269.1
aquChr2:KN266045v1	KN266045v1			KN266045.1	NW_011951270.1
aquChr2:KN266046v1	KN266046v1			KN266046.1	NW_011951271.1
aquChr2:KN266047v1	KN266047v1			KN266047.1	NW_011951272.1
aquChr2:KN266048v1	KN266048v1			KN266048.1	NW_011951273.1
aquChr2:KN266049v1	KN266049v1			KN266049.1	NW_011951274.1
aquChr2:KN266050v1	KN266050v1			KN266050.1	NW_011951275.1
aquChr2:KN266051v1	KN266051v1			KN266051.1	NW_011951276.1
aquChr2:KN266052v1	KN266052v1			KN266052.1	NW_011951277.1
aquChr2:KN266053v1	KN266053v1			KN266053.1	NW_011951278.1
aquChr2:KN266054v1	KN266054v1			KN266054.1	NW_011951279.1
aquChr2:KN266055v1	KN266055v1			KN266055.1	NW_011951280.1
aquChr2:KN266056v1	KN266056v1			KN266056.1	NW_011951281.1
aquChr2:KN266057v1	KN266057v1			KN266057.1	NW_011951284.1
aquChr2:KN266058v1	KN266058v1			KN266058.1	NW_011951285.1
aquChr2:KN266059v1	KN266059v1			KN266059.1	NW_011951286.1
aquChr2:KN266060v1	KN266060v1			KN266060.1	NW_011951287.1
aquChr2:KN266061v1	KN266061v1			KN266061.1	NW_011951288.1
aquChr2:KN266062v1	KN266062v1			KN266062.1	NW_011951290.1
aquChr2:KN266063v1	KN266063v1			KN266063.1	NW_011951291.1
aquChr2:KN266064v1	KN266064v1			KN266064.1	NW_011951292.1
aquChr2:KN266065v1	KN266065v1			KN266065.1	NW_011951293.1
aquChr2:KN266066v1	KN266066v1			KN266066.1	NW_011951294.1
aquChr2:KN266067v1	KN266067v1			KN266067.1	NW_011951295.1
aquChr2:KN266068v1	KN266068v1			KN266068.1	NW_011951296.1
aquChr2:KN266069v1	KN266069v1			KN266069.1	NW_011951299.1
aquChr2:KN266070v1	KN266070v1			KN266070.1	NW_011951300.1
aquChr2:KN266071v1	KN266071v1			KN266071.1	NW_011951301.1
aquChr2:KN266072v1	KN266072v1			KN266072.1	NW_011951302.1
aquChr2:KN266073v1	KN266073v1			KN266073.1	NW_011951303.1
aquChr2:KN266074v1	KN266074v1			KN266074.1	NW_011951304.1
aquChr2:KN266075v1	KN266075v1			KN266075.1	NW_011951305.1
aquChr2:KN266076v1	KN266076v1			KN266076.1	NW_011951307.1
aquChr2:KN266077v1	KN266077v1			KN266077.1	NW_011951308.1
aquChr2:KN266078v1	KN266078v1			KN266078.1	NW_011951309.1
aquChr2:KN266079v1	KN266079v1			KN266079.1	NW_011951310.1
aquChr2:KN266080v1	KN266080v1			KN266080.1	NW_011951311.1
aquChr2:KN266081v1	KN266081v1			KN266081.1	NW_011951312.1
aquChr2:KN266082v1	KN266082v1			KN266082.1	NW_011951314.1
aquChr2:KN266083v1	KN266083v1			KN266083.1	NW_011951315.1
aquChr2:KN266084v1	KN266084v1			KN266084.1	NW_011951316.1
aquChr2:KN266085v1	KN266085v1			KN266085.1	NW_011951318.1
aquChr2:KN266086v1	KN266086v1			KN266086.1	NW_011951319.1
aquChr2:KN266087v1	KN266087v1			KN266087.1	NW_011951320.1
aquChr2:KN266088v1	KN266088v1			KN266088.1	NW_011951321.1
aquChr2:KN266089v1	KN266089v1			KN266089.1	NW_011951322.1
aquChr2:KN266090v1	KN266090v1			KN266090.1	NW_011951323.1
aquChr2:KN266091v1	KN266091v1			KN266091.1	NW_011951324.1
aquChr2:KN266092v1	KN266092v1			KN266092.1	NW_011951327.1
aquChr2:KN266093v1	KN266093v1			KN266093.1	NW_011951331.1
aquChr2:KN266094v1	KN266094v1			KN266094.1	NW_011951332.1
aquChr2:KN266095v1	KN266095v1			KN266095.1	NW_011951333.1
aquChr2:KN266096v1	KN266096v1			KN266096.1	NW_011951334.1
aquChr2:KN266097v1	KN266097v1			KN266097.1	NW_011951335.1
aquChr2:KN266098v1	KN266098v1			KN266098.1	NW_011951336.1
aquChr2:KN266099v1	KN266099v1			KN266099.1	NW_011951339.1
aquChr2:KN266100v1	KN266100v1			KN266100.1	NW_011951340.1
aquChr2:KN266101v1	KN266101v1			KN266101.1	NW_011951341.1
aquChr2:KN266102v1	KN266102v1			KN266102.1	NW_011951343.1
aquChr2:KN266103v1	KN266103v1			KN266103.1	NW_011951345.1
aquChr2:KN266104v1	KN266104v1			KN266104.1	NW_011951347.1
aquChr2:KN266105v1	KN266105v1			KN266105.1	NW_011951348.1
aquChr2:KN266106v1	KN266106v1			KN266106.1	NW_011951349.1
aquChr2:KN266107v1	KN266107v1			KN266107.1	NW_011951350.1
aquChr2:KN266108v1	KN266108v1			KN266108.1	NW_011951351.1
aquChr2:KN266109v1	KN266109v1			KN266109.1	NW_011951352.1
aquChr2:KN266110v1	KN266110v1			KN266110.1	NW_011951353.1
aquChr2:KN266111v1	KN266111v1			KN266111.1	NW_011951354.1
aquChr2:KN266112v1	KN266112v1			KN266112.1	NW_011951355.1
aquChr2:KN266113v1	KN266113v1			KN266113.1	NW_011951357.1
aquChr2:KN266114v1	KN266114v1			KN266114.1	NW_011951358.1
aquChr2:KN266115v1	KN266115v1			KN266115.1	NW_011951362.1
aquChr2:KN266116v1	KN266116v1			KN266116.1	NW_011951364.1
aquChr2:KN266117v1	KN266117v1			KN266117.1	NW_011951366.1
aquChr2:KN266118v1	KN266118v1			KN266118.1	NW_011951368.1
aquChr2:KN266119v1	KN266119v1			KN266119.1	NW_011951369.1
aquChr2:KN266120v1	KN266120v1			KN266120.1	NW_011951370.1
aquChr2:KN266121v1	KN266121v1			KN266121.1	NW_011951371.1
aquChr2:KN266122v1	KN266122v1			KN266122.1	NW_011951372.1
aquChr2:KN266123v1	KN266123v1			KN266123.1	NW_011951373.1
aquChr2:KN266124v1	KN266124v1			KN266124.1	NW_011951375.1
aquChr2:KN266125v1	KN266125v1			KN266125.1	NW_011951376.1
aquChr2:KN266126v1	KN266126v1			KN266126.1	NW_011951377.1
aquChr2:KN266127v1	KN266127v1			KN266127.1	NW_011951381.1
aquChr2:KN266128v1	KN266128v1			KN266128.1	NW_011951382.1
aquChr2:KN266129v1	KN266129v1			KN266129.1	NW_011951383.1
aquChr2:KN266130v1	KN266130v1			KN266130.1	NW_011951385.1
aquChr2:KN266131v1	KN266131v1			KN266131.1	NW_011951387.1
aquChr2:KN266132v1	KN266132v1			KN266132.1	NW_011951389.1
aquChr2:KN266133v1	KN266133v1			KN266133.1	NW_011951390.1
aquChr2:KN266134v1	KN266134v1			KN266134.1	NW_011951391.1
aquChr2:KN266135v1	KN266135v1			KN266135.1	NW_011951393.1
aquChr2:KN266136v1	KN266136v1			KN266136.1	NW_011951394.1
aquChr2:KN266137v1	KN266137v1			KN266137.1	NW_011951395.1
aquChr2:KN266138v1	KN266138v1			KN266138.1	NW_011951396.1
aquChr2:KN266139v1	KN266139v1			KN266139.1	NW_011951398.1
aquChr2:KN266140v1	KN266140v1			KN266140.1	NW_011951399.1
aquChr2:KN266141v1	KN266141v1			KN266141.1	NW_011951400.1
aquChr2:KN266142v1	KN266142v1			KN266142.1	NW_011951401.1
aquChr2:KN266143v1	KN266143v1			KN266143.1	NW_011951402.1
aquChr2:KN266144v1	KN266144v1			KN266144.1	NW_011951403.1
aquChr2:KN266145v1	KN266145v1			KN266145.1	NW_011951404.1
aquChr2:KN266146v1	KN266146v1			KN266146.1	NW_011951405.1
aquChr2:KN266147v1	KN266147v1			KN266147.1	NW_011951407.1
aquChr2:KN266148v1	KN266148v1			KN266148.1	NW_011951408.1
aquChr2:KN266149v1	KN266149v1			KN266149.1	NW_011951409.1
aquChr2:KN266150v1	KN266150v1			KN266150.1	NW_011951410.1
aquChr2:KN266151v1	KN266151v1			KN266151.1	NW_011951412.1
aquChr2:KN266152v1	KN266152v1			KN266152.1	NW_011951414.1
aquChr2:KN266153v1	KN266153v1			KN266153.1	NW_011951415.1
aquChr2:KN266154v1	KN266154v1			KN266154.1	NW_011951416.1
aquChr2:KN266155v1	KN266155v1			KN266155.1	NW_011951417.1
aquChr2:KN266156v1	KN266156v1			KN266156.1	NW_011951418.1
aquChr2:KN266157v1	KN266157v1			KN266157.1	NW_011951419.1
aquChr2:KN266158v1	KN266158v1			KN266158.1	NW_011951423.1
aquChr2:KN266159v1	KN266159v1			KN266159.1	NW_011951424.1
aquChr2:KN266160v1	KN266160v1			KN266160.1	NW_011951425.1
aquChr2:KN266161v1	KN266161v1			KN266161.1	NW_011951429.1
aquChr2:KN266162v1	KN266162v1			KN266162.1	NW_011951430.1
aquChr2:KN266163v1	KN266163v1			KN266163.1	NW_011951431.1
aquChr2:KN266164v1	KN266164v1			KN266164.1	NW_011951432.1
aquChr2:KN266165v1	KN266165v1			KN266165.1	NW_011951434.1
aquChr2:KN266166v1	KN266166v1			KN266166.1	NW_011951435.1
aquChr2:KN266167v1	KN266167v1			KN266167.1	NW_011951436.1
aquChr2:KN266168v1	KN266168v1			KN266168.1	NW_011951437.1
aquChr2:KN266169v1	KN266169v1			KN266169.1	NW_011951438.1
aquChr2:KN266170v1	KN266170v1			KN266170.1	NW_011951439.1
aquChr2:KN266171v1	KN266171v1			KN266171.1	NW_011951440.1
aquChr2:KN266172v1	KN266172v1			KN266172.1	NW_011951442.1
aquChr2:KN266173v1	KN266173v1			KN266173.1	NW_011951443.1
aquChr2:KN266174v1	KN266174v1			KN266174.1	NW_011951444.1
aquChr2:KN266175v1	KN266175v1			KN266175.1	NW_011951447.1
aquChr2:KN266176v1	KN266176v1			KN266176.1	NW_011951449.1
aquChr2:KN266177v1	KN266177v1			KN266177.1	NW_011951451.1
aquChr2:KN266178v1	KN266178v1			KN266178.1	NW_011951453.1
aquChr2:KN266179v1	KN266179v1			KN266179.1	NW_011951454.1
aquChr2:KN266180v1	KN266180v1			KN266180.1	NW_011951455.1
aquChr2:KN266181v1	KN266181v1			KN266181.1	NW_011951457.1
aquChr2:KN266182v1	KN266182v1			KN266182.1	NW_011951458.1
aquChr2:KN266183v1	KN266183v1			KN266183.1	NW_011951459.1
aquChr2:KN266184v1	KN266184v1			KN266184.1	NW_011951460.1
aquChr2:KN266185v1	KN266185v1			KN266185.1	NW_011951462.1
aquChr2:KN266186v1	KN266186v1			KN266186.1	NW_011951463.1
aquChr2:KN266187v1	KN266187v1			KN266187.1	NW_011951465.1
aquChr2:KN266188v1	KN266188v1			KN266188.1	NW_011951469.1
aquChr2:KN266189v1	KN266189v1			KN266189.1	NW_011951473.1
aquChr2:KN266190v1	KN266190v1			KN266190.1	NW_011951474.1
aquChr2:KN266191v1	KN266191v1			KN266191.1	NW_011951476.1
aquChr2:KN266192v1	KN266192v1			KN266192.1	NW_011951477.1
aquChr2:KN266193v1	KN266193v1			KN266193.1	NW_011951478.1
aquChr2:KN266194v1	KN266194v1			KN266194.1	NW_011951479.1
aquChr2:KN266195v1	KN266195v1			KN266195.1	NW_011951480.1
aquChr2:KN266196v1	KN266196v1			KN266196.1	NW_011951483.1
aquChr2:KN266197v1	KN266197v1			KN266197.1	NW_011951485.1
aquChr2:KN266198v1	KN266198v1			KN266198.1	NW_011951486.1
aquChr2:KN266199v1	KN266199v1			KN266199.1	NW_011951487.1
aquChr2:KN266200v1	KN266200v1			KN266200.1	NW_011951488.1
aquChr2:KN266201v1	KN266201v1			KN266201.1	NW_011951493.1
aquChr2:KN266202v1	KN266202v1			KN266202.1	NW_011951495.1
aquChr2:KN266203v1	KN266203v1			KN266203.1	NW_011951512.1
aquChr2:KN266204v1	KN266204v1			KN266204.1	NW_011951522.1
aquChr2:KN266205v1	KN266205v1			KN266205.1	NW_011951547.1
aquChr2:KN266206v1	KN266206v1			KN266206.1	NW_011951561.1
